name,arabic_name
2000 Center,ãÑßÒ 2000
Safi Trading Establishment,ãÄÓÓÉ ÕÇÝí ÇáÊÌÇÑíÉ
Saae Carwash,Saae ÛÓíá ÇáÓíÇÑÇÊ
Quraish,ÞÑíÔ
Qutbah Charcoal,ÞØÈÉ ÝÍã
Moon Light,ÖæÁ ÇáÞãÑ
3S Shoes,ÃÍÐíÉ 3S
621 Shopping Center,621 ãÑßÒ ÊÓæÞ
A.A. Aqeel Trading Center (ATE),ãÑßÒ ÚÞíá ÇáÊÌÇÑí (ATE)
A. Ghani Hauti Couture,Ã. Ûäí åæÊí ßæÊæÑ
Abayat,ÚÈÇíÇÊ
Abayat Al-Hijhab Al-Aswad,ÚÈÇíÉ ÇáÍÌÇÈ ÇáÃÓæÏ
Abayat Al-Manae,ÚÈÇíÇÊ ÇáãäÇÚí
Abayat Al-Namer,ÚÈÇíÇÊ ÇáäãÑ
Abayat Al-Nemra,ÚÈÇíÇÊ ÇáäãÑÉ
Abayat Anmol,ÚÈÇíÇÊ Úäãæá
Abayat Remas,ÚÈÇíÇÊ ÑãÇÓ
Abdul Hamid Zainal Trading Est.,ãÄÓÓÉ ÚÈÏ ÇáÍãíÏ Òíäá ÇáÊÌÇÑíÉ
Abdul Khaliq Est.,ãÄÓÓÉ ÚÈÏ ÇáÎÇáÞ
Abdul Salam,ÚÈÏ ÇáÓáÇã
Abdullah Fauad Pharmacy,ÕíÏáíÉ ÚÈÏÇááå ÝÄÇÏ
Abdullah Saleh Trading Est.,ãÄÓÓÉ ÚÈÏÇááå ÕÇáÍ ÇáÊÌÇÑíÉ
Abna Al-Deera,ÃÈäÉ ÇáÏíÑÉ
Abood Ahmad Baasem,ÚÈæÏ ÃÍãÏ ÈÇÚã
Abu Al-Noor,ÃÈæ ÇáäæÑ
Abu Al-Saud Al-Ahab,ÃÈæ ÇáÓÚæÏ ÇáÃåÈ
Abu Al-Saud For Electrical Materials,ÃÈæ ÇáÓÚæÏ ááãæÇÏ ÇáßåÑÈÇÆíÉ
Abusrau,ÃÈæ ÓÑæ
ADANAN,ÃÏäÇä
Adawliah,ÚÏæáíÉ
ADCO,ÃÏßæ
Adel Al-Ghareeb,ÚÇÏá ÇáÛÑíÈ
Adnok Carwash (AD),ÃÏäæß áÛÓíá ÇáÓíÇÑÇÊ (AD)
AFI,AFI
Afrahiya Lil-Jalabiyat,ÃÝÑÇÍíÉ áíá ÌáÈíÇÊ
Ahlya Remosh,ÇáÃåáíÉ ÑíãæÔ
Ahmad G. Al-Ghamdi (AGG),ÃÍãÏ Û. ÇáÛÇãÏí (AGG)
Ahmad Saad (Busaad Plastic),ÃÍãÏ ÓÚÏ (ÈæÓÚÏ ÈáÇÓÊíß)
Ahmed Libnani,ÃÍãÏ áÈäÇäí
Ahram,ÇáÃåÑÇã
Ahzia Shoes,ÃÍÐíÉ ÇåÒíÇ
Aitha S. Al-Seaari Trading,ÂíËÇÁ ÕÇáÍ ÇáÓÚíÑí ááÊÌÇÑÉ
Ajami Restaurant,ãØÚã ÚÌãí
Alam Al-Jadeed Exchange,ÚÇáã ÇáÌÏíÏ ááÕÑÇÝÉ
Alam Al-Tawfeer,ÚÇáã ÇáÊæÝíÑ
Alam Atha,ÚÇáã ÂËÇ
Alam Mazaya,ÚÇáã ãÒÇíÇ
ALAMCO (Malaz Brand),ÃáÇãßæ (ãÇÑßÉ ÇáãáÇÒ)
Alfanater Hospital,ãÓÊÔÝì ÇáÝäÇÊÑ
Alfar,ÇáÝÇÑ
Ali Fashions,ÃÒíÇÁ Úáí
Ali Saad Ali Qahtani,Úáí ÓÚÏ Úáí ÇáÞÍØÇäí
Alia Restaurant,ãØÚã ÚáíÇÁ
Alibaba Restaurant,ãØÚã Úáí ÈÇÈÇ
Alins Coffee,ÞåæÉ ÃáíäÓ
Almira Optics,ÇáãíÑÇ ááÈÕÑíÇÊ
Unamed1,Unamed1
Alukaizoom Al-Namoodiya,ÇáÚÞíÒæã ÇáäÇãæÏíÉ
Unamed2,Unamed2
Ameen Center,ãÑßÒ Ããíä
Ameri Center,ÇáãÑßÒ ÇáÚÇãÑí
Amrou Al-Atour Ferfumes,ÚãÑæ ÇáÚØæÑ Ferfumes
Annual Charity Run,ÇáÓÈÇÞ ÇáÎíÑí ÇáÓäæí
Hezaa,åÒÇÚ
Bazar,ÈÇÒÇÑ
Anwar Al-Basim Shoes,ÃÍÐíÉ ÃäæÑ ÇáÈÓã
Anwar Al-Fahad,ÃäæÑ ÇáÝåÏ
Anwar Al-Safeer,ÃäæÑ ÇáÓÝíÑ
Anowar Al-Tahany,ÃäæÇÑ ÇáØÍÇäí
Anyah,ÃäíÇ
Apex Auto Parts1,ÞØÚ ÛíÇÑ ÇáÓíÇÑÇÊ ÃÈíßÓ1
Apple,ÊÝÇÍ
Arab National Bank,ÇáÈäß ÇáÚÑÈí ÇáæØäí
Arabian Center,ÇáãÑßÒ ÇáÚÑÈí
Arabian Food Supply,ÇáÊæÑíÏ ÇáÛÐÇÆí ÇáÚÑÈí
Arabic Readymade Textiles,ÇáãäÓæÌÇÊ ÇáÚÑÈíÉ ÇáÌÇåÒÉ
Arab Trading Company,ÇáÔÑßÉ ÇáÚÑÈíÉ ááÊÌÇÑÉ
Aran,ÇÑÇä
Arif Center,ãÑßÒ ÚÇÑÝ
Armed Forces Hospital,ãÓÊÔÝì ÇáÞæÇÊ ÇáãÓáÍÉ
Arusha Restaurant,ãØÚã ÃÑæÔÇ
Asawer Al-Sharq,ÃÓÇæíÑ ÇáÔÑÞ
ASDAF,ÃÕÏÇÝ
Asef,ÂÕÝ
ASH First Shoes,ÍÐÇÁ ASH ÝíÑÓÊ
ASK Varied Foods,ÇÓÃá ÇáÃØÚãÉ ÇáãÊäæÚÉ
ASMA,ÃÓãÇÁ
Assamar Charcoal,ÝÍã ÃÓãÑ
Assel Exhibition,ãÚÑÖ ÃÓíá
Assel Textiles,ÃÓíá ááãäÓæÌÇÊ
Assorte,ãÊäæÚÉ
Astoon,ÃÓÊæä
Aswar Al-Mandi,ÃÓæÇÑ ÇáãäÏí
ATC,ATC
ATE,ÇßáÊ
Athwaq,ÃËæÇÞ
Atlantic Systems,ÃäÙãÉ ÇáÃØáÓí
Atwi Trading Est.,ãÄÓÓÉ ÚØæí ááÊÌÇÑÉ
Atyaf Dubai Center,ÃØíÇÝ ÏÈí ÓäÊÑ
Awad,ÚæÖ
Awael Ebayat (First Shoe),ÚæÇÆá ÚÈíÇÊ (ÇáÍÐÇÁ ÇáÃæá)
Awal Plastic Factory,ãÕäÚ ÃæÇá ááÈáÇÓÊíß
Awaridh Liltajmeel,ÚæÑíÏ áíáÊÇÌãíá
Awael Al-Itor,ÚÇÆá ÇáÚØæÑ
Ayshana Foods,ÚÇÆÔÇäÇ ááÃÛÐíÉ
Azizia (VMC),ÚÒíÒíÉ (VMC)
Baby Bancy,ÈíÈí ÈÇäÓí
Badariya Charcoal,ÝÍã ÇáÈÏÇÑíÉ
Badeea Charcoal,ÈÇÏíÚ ÝÍã
Badghaish,ÈÇÏÛíÔ
Bahrain Center,ãÑßÒ ÇáÈÍÑíä
Baidan Mutton Cubes,ãßÚÈÇÊ áÍã ÖÃä ÈíÏÇä
baihagi Bank Alikbar,Èäß ÇáÈíåÇÌí ÇáÅßÈÇÑ
Baith Al-Asaar,ÈíÊ ÇáÚÕÇÑ
Bakhaswain,ÈÇÎÇÓæíä
Baladi,ÈáÏí
Baowabat Al-Hayat Plaza,ÈÇæÇÈÇÊ ÇáÍíÇÉ ÈáÇÒÇ
Bar Bar Restaurant,ÈÇÑ ÈÇÑ ãØÚã
Barary Charcoal,ÝÍã ÈÇÑÇÑí
Baras Electric Corporation,ÔÑßÉ ÈÇÑÇÓ ááßåÑÈÇÁ
Bashri (B),ÈÔÑí (È)
Basim,ÈÇÓã
Basrah Restaurant,ãØÚã ÇáÈÕÑÉ
Bassam Zeena Bakhruji Trading,ÈÓÇã ÒíäÉ ÈÎÑæÌí ááÊÌÇÑÉ
Bayroni,ÈíÑæäí
Bashrawi Shopping Center,ãÑßÒ ÊÓæÞ ÈÔÑÇæí
BB2,BB2
Bayouni Trading,Èíæäí ááÊÌÇÑÉ
Aymeen Exhibition,ãÚÑÖ Ãíãíä
Abeer,ÚÈíÑ
Best Friends Toys,ÃÝÖá ÃáÚÇÈ ÇáÃÕÏÞÇÁ
Beint Al-Arab Exchange,ÈíäÊ ÇáÚÑÈ ááÕÑÇÝÉ
Beirut Tailor,ÈíÑæÊ ÎíÇØ
Beyroty,ÈíÑæÊí
Big World,ÚÇáã ßÈíÑ
Bin Afeef Center,ãÑßÒ Èä ÚÝíÝ
Bin Sabt Trading Establishment,ãÄÓÓÉ Èä ÓÈÊ ÇáÊÌÇÑíÉ
Beint Al-Arab Exhibition,ãÚÑÖ ÈíäÊ ÇáÚÑÈ
Bint Al-Khaleej,ÈäÊ ÇáÎáíÌ
Bio-Hazard,ÇáÎØÑ ÇáÍíæí
Bismi Foods,ÈÇÓãí ÝæÏÒ
B+K,È + ß
Bombay Fashion,ÃÒíÇÁ ÈæãÈÇí
Bulbul Fashions,ÃÒíÇÁ ÈáÈá
Bundoo Khan Restaurant,ãØÚã ÈäÏæ ÎÇä
Buraiki Shopping Center,ãÑßÒ ÇáÈÑíßí ááÊÓæÞ
Buy and Save,ÇáÔÑÇÁ æÇáÍÝÙ
Canary Meadows,ßäÇÑí ãíÏæÒ
Casa Grill,ßÇÒÇ ÌÑíá
Casa Juice,ÚÕíÑ ßÇÒÇ
Casual Jeans,ÌíäÒ ßÇÌæÇá
Charour Restaurant,ãØÚã ÔÇÑæÑ
Chicken Spicy,ÏÌÇÌ ÍÇÑ
Childs World,ÚÇáã ÇáÃØÝÇá
Chocolatry,ÔæßæáÇÊÉ
Chowking,ÊÔæßíäÛ
Chubs,ÊÔæÈÓ
Sinderilla Ladies Center,ãÑßÒ ÓíäÏíÑíáÇ ááÓíÏÇÊ
City Sweet,ÓíÊí ÓæíÊ
Cloth Center,ãÑßÒ ÇáÞãÇÔ
Collection,ãÌãæÚÉ
Collection Center,ãÑßÒ ÇáÊÍÕíá
Cool Jeans,ÌíäÒ ÈÇÑÏ
Corniche Shopping Center,ãÑßÒ ÊÓæÞ ÇáßæÑäíÔ
Crispy Meal,æÌÈÉ ßÑÓÈí
Crystalat,ßÑíÓÊÇá
Dahan Shopping Center,ãÑßÒ ÏåÇä ááÊÓæÞ
Dahiya Eastern Shopping Center,ãÑßÒ ÇáÖÇÍíÉ ÇáÔÑÞí ááÊÓæÞ
Daiji Shopping Center,ãÑßÒ ÏÇíÌí ááÊÓæÞ
Dammam Clothes and Shoes,ÇáÏãÇã ááãáÇÈÓ æÇáÃÍÐíÉ
Dammam Palace Hotel,ÝäÏÞ ÞÕÑ ÇáÏãÇã
Dammam Shopping Center,ãÑßÒ ÊÓæÞ ÇáÏãÇã
Damond,ÏÇãæäÏ
Al-Dana Resturant,ãØÚã ÇáÏÇäÉ
Danger,ÎØÑ
Dar Restaurant,ãØÚã ÏÇÑ
Darul Khaleej,ÏÇÑ ÇáÎáíÌ
Desert Designs,ÊÕÇãíã ÇáÕÍÑÇÁ
Desert Mall,ÏíÒÑÊ ãæá
Dharan Pharmacy,ÕíÏáíÉ ÏÇÑÇä
DH Plaza,Ïí ÅÊÔ ÈáÇÒÇ
Dinar,ÏíäÇÑ
Discount Center,ãÑßÒ ÇáÎÕã
Divakaran International Group of Companies,ãÌãæÚÉ ÔÑßÇÊ ÏíÝÇßÇÑÇä ÇáÏæáíÉ
Diafa Broasted,ÏíÇÝÇ ÈÑæÓÊÏ
Dossary Al-Darwesh Bakery,ãÎÈÒ ÏæÓÑí ÇáÏÑæíÔ
Dossary Food Stuff,ÏæÓÇÑí ÇáãæÇÏ ÇáÛÐÇÆíÉ
Dream Meal,æÌÈÉ ÇáÃÍáÇã
Dream World,ÚÇáã ÇáÃÍáÇã
DT,Ïí Êí
Dudu Fashion,ÏæÏæ ÝÇÔæä
East n West Restaurant,ãØÚã ÅíÓÊ Åä æíÓÊ
Eastern Gulf Factory,ãÕäÚ ÇáÎáíÌ ÇáÔÑÞí
Eastern Pillow,æÓÇÏÉ ÔÑÞíÉ
Eat n Pack Restaurant,ãØÚã ÇíÊ ÇäÏ ÈÇß
Ekhtiar Hadaek,ÅÎÊíÇÑ åÏÇÆÞ
Electronovation,ÇáÊÌÏíÏ ÇáßåÑÈÇÆí
Elegenc Corner,Ñßä ÅáíÌäß
Elmia Bookstore,ãßÊÈÉ ÇáãíÇ
Elya,ÅíáíÇ
Eman,ÅíãÇä
Envelopes and Paper Bag Factory,ãÕäÚ ÇáãÛáÝÇÊ æÇáÃßíÇÓ ÇáæÑÞíÉ
ESM Al-Raqui,ESM ÇáÑÇÞí
Exhibition,ãÚÑÖ
Eyadath Al-Haya Al-Sakaniyah (JAC),ÅííÇÏ ÇáÍíÇÉ ÇáÓßÇäíÉ (JAC)
F (Marinze),F (Marinze)
Fahad Supplies,ÊæÑíÏÇÊ ÝåÏ
Faham Sanadiyan,ÝåÇã ÓäÏíÇä
Faique Fashion,ÝÇíÞ ÝÇÔæä
Fairmart Supermarket,ÝíÑãÇÑÊ ÓæÈÑ ãÇÑßÊ
Fajar Al-Ebayat,ÝÌÑ ÇáÚÈíÇÊ
Fajar Al-Inara,ÝÌÑ ÇáÚäÇÑÇ
Fakhera,ÝÇÎÑÉ
Falah Marketing,ÝáÇÍ ááÊÓæíÞ
Family Center,ãÑßÒ ÇáÚÇÆáÉ
Family Supplies,ãÓÊáÒãÇÊ ÇáÃÓÑÉ
Faraj Coldstore,ÝÑÌ ßæáÏÓÊæÑ
Fares,ÝÇÑÓ
Fascino,ÝÇÓíäæ
Fashion On Baseel,ÃÒíÇÁ Úáì ÈÇÒíá
Fashion Shop (FS),ãÊÌÑ ÇáÃÒíÇÁ (FS)
Fast Call (FC),ãßÇáãÉ ÓÑíÚÉ (FC)
Fatina,ÝÇÊíäÇ
Fawaz Restaurant,ãØÚã ÝæÇÒ
Fawaz Haleej,ÝæÇÒ ÍáíÌ
Anud Cold Store,ãÎÒä ÇáÃäæÏ ÇáÈÇÑÏ
Fayez Al-Qamber Trading Establishment,ãÄÓÓÉ ÝÇíÒ ÇáÞãÈÑ ÇáÊÌÇÑíÉ
Fayum Center,ãÑßÒ ÇáÝíæã
Feum,Ýíã
Fillfilah,ÇáÝíáÝíáÉ
Fionka,ÝíæäßÇ
Fire Brigade 998,ÝÑÞÉ ÇáÅØÝÇÁ 998
First Lady,ÇáÓíÏÉ ÇáÃæáì
First Shoes (ASH),ÇáÃÍÐíÉ ÇáÃæáì (ASH)
Firuzy Restaurant,ãØÚã ÝíÑæÒí
Five Circle,ÎãÓ ÏæÇÆá
"Five, Ten, Fifteen","ÎãÓÉ ¡ ÚÔÑÉ ¡ ÎãÓÉ ÚÔÑ"
Biofood,ÇáÃÛÐíÉ ÇáÍíæíÉ
Four Seasons,ÝæÑÓíÒæäÒ
Fozan (Hardware),ÝæÒÇä (ÇáÃÌåÒÉ)
Fozan (Electrical),ÝæÒÇä (ßåÑÈÇÆí)
France Scarf (FS),æÔÇÍ ÝÑäÓÇ (FS)
Free Home Delivery,ÊæÕíá ãÌÇäí ááãäÇÒá
French Designer,ãÕãã ÝÑäÓí
Fresh Samboosah,ÓãÈæÓÉ ØÇÒÌÉ
Funel,Ýæäíá
Fursan Sweets and Nuts,ÝÑÓÇä ÍáæíÇÊ æãßÓÑÇÊ
Future Digital Solutions,Íáæá ÇáãÓÊÞÈá ÇáÑÞãíÉ
Future Science for Electronics,Úáã ÇáãÓÊÞÈá ááÅáßÊÑæäíÇÊ
Gahwa Al-Arabia (Arabian Coffee),ÞåæÉ ÇáÚÑÈíÉ (ÞåæÉ ÚÑÈíÉ)
Ghada (KS),ÛÇÏÉ (ßÇäÓÇÓ)
GCC Olayan,ÇáÚáíÇä ÇáÎáíÌí
General Dynamics,ÇáÏíäÇãíÇÊ ÇáÚÇãÉ
General Store,ÇáãÊÌÑ ÇáÚÇã
Ghader,ÛÏíÑ
Ghali Yarkhaslak,ÛÇáí íÑÎÓáß
Giant Store,ãÊÌÑ ÚãáÇÞ
Gift,åÏíÉ
Gifts Door,ÈÇÈ ÇáåÏÇíÇ
Gift House,ÈíÊ ÇáåÏÇíÇ
Gift World,ÚÇáã ÇáåÏÇíÇ
Good Morning USA,ÕÈÇÍ ÇáÎíÑ ÇáæáÇíÇÊ ÇáãÊÍÏÉ ÇáÃãÑíßíÉ
Golden Carwash,ÛÓíá ÇáÓíÇÑÇÊ ÇáÐåÈí
Golden Crown,ÇáÊÇÌ ÇáÐåÈí
Golden Fertilizer,ÓãÇÏ ÐåÈí
Gosaibi Services,ÎÏãÇÊ ÇáÞÕíÈí
Green Fields Fertilzer,ÌÑíä ÝíáÏÒ ÝÑÊíáÒÑ
Green Tea,ÔÇí ÃÎÖÑ
Green Wings,ÃÌäÍÉ ÎÖÑÇÁ
Gulf Metro,ãÊÑæ ÇáÎáíÌ
Gulf Samposa,ÓãÈæÓÇ ÇáÎáíÌ
Gulf Uniform,ÇáÒí ÇáÎáíÌí
Hababah Fashions,ÃÒíÇÁ ÍÈÇÈÉ
Hadded TSD,TSD ãÏÑÌ
Ramzi Al-Khabaz Pharmacy,ÕíÏáíÉ ÑãÒí ÇáÎÈÇÒ
Hadiyah for Dates,åÏíÉ ááÊãæÑ
Hali Restaurant,ãØÚã åÇáí
Ahlan Wa Sallan (Gahwa Al-Arabia),ÃåáÇ æÓáÇä (ÞåæÉ ÇáÚÑÈíÉ)
Hamad Trading,ÍãÏ ááÊÌÇÑÉ
Hana Chicken,åÇäÇ ÏÌÇÌ
Happy Night,áíáÉ ÓÚíÏÉ
Harees,ÇáåÑíÓ
Hassan A.S. Al-Khadar,ÍÓä ÚÈÏÇáÕãÏ ÇáÎÖÑ
Hassan Food Center,ãÑßÒ ÍÓä ááãÃßæáÇÊ
Hayat,ÍíÇÉ
Hayil Shopping Center,ãÑßÒ åÇíá ááÊÓæÞ
Hazana,ÍÒÇäÉ
Hadiya,åÏíÉ
Heat Establishment,ãÄÓÓÉ ÇáÍÑÇÑÉ
Hempel,åãÈá
Hina Abu Al-Ez,ÍäÇ ÃÈæ ÇáÚÒ
Homestyle,åæã ÓÊÇíá
Horia Trading Establishment,ãÄÓÓÉ ÍæÑíÉ ÇáÊÌÇÑíÉ
Hot Meals,æÌÈÇÊ ÓÇÎäÉ
Humrani,ÍãÑÇäí
Husaiki,åæÓÇíßí
Husain Al-Tahir Trading Establisment,ÍÓíä ÇáØÇåÑ ááÊÃÓíÓ ÇáÊÌÇÑí
Hussain Al-Tahir Al-Qattan,ÍÓíä ÇáØÇåÑ ÇáÞØÇä
Huya,åæíÇ
Huzam Special Gifts,åÏÇíÇ åÒÇã ÇáÎÇÕÉ
Hydeah,åíÏíå
Ibn Sina,ÇÈä ÓíäÇ
Ibrahim Engineering Consultant,ÅÈÑÇåíã ááÇÓÊÔÇÑÇÊ ÇáåäÏÓíÉ
Ibrahim Trading,ÅÈÑÇåíã ááÊÌÇÑÉ
Infected Waste,ÇáäÝÇíÇÊ ÇáãÕÇÈÉ
Infectious Medical Waste,ÇáäÝÇíÇÊ ÇáØÈíÉ ÇáãÚÏíÉ
Intercontinental Hotel,ÝäÏÞ ÅäÊÑßæäÊíääÊÇá
International Paints,ÇáÏåÇäÇÊ ÇáÏæáíÉ
Iram Palace,ÞÕÑ ÅÑã
Iranian and Arabic Food,ãÃßæáÇÊ ÅíÑÇäíÉ æÚÑÈíÉ
Isam O. Al-Ali Establishment,ãÄÓÓÉ ÚÕÇã Èä ÚÈÏÇáÚáí
ISCOL,ÅíÓßæá
Isolation Linen,ÈíÇÖÇÊ ÇáÚÒá
Issah Al-Dossary,ÚíÓì ÇáÏæÓÑí
Italian Rose,ÇáæÑÏ ÇáÅíØÇáí
Jabr Trading,ÌÈÑ ááÊÌÇÑÉ
Jameel Exhibition,ãÚÑÖ Ìãíá
Janat Al-Ahram,ÌäÉ ÇáÃåÑÇã
Janob Charcoal,ÝÍã ÌÇäæÈ
Jarash,ÌÑÔ
Jawad Al-Moghanni Establishment,ãÄÓÓÉ ÌæÇÏ ÇáãÛÇäí
Jawharah Center,ãÑßÒ ÌæåÑÉ
Jawhareat Hajer Complex,ãÌãÚ ÌæåÑÇÊ åÇÌÑ
Jawharia Coal,ÇáÝÍã ÌæåÑíÇ
Jazeera Lil Jalabiyat,ÇáÌÒíÑÉ áíá ÌáÇÈíÇÊ
Jazeera Restaurant,ãØÚã ÇáÌÒíÑÉ
Jazim,ÌÇÒíã
Jazirah Arabia,ÇáÌÒíÑÉ ÇáÚÑÈíÉ
Jazeera Al-Binaa Trading Establishment,ãÄÓÓÉ ÇáÌÒíÑÉ ÇáÈäÇÁ ÇáÊÌÇÑíÉ
Jeans Apparel,ãáÇÈÓ ÇáÌíäÒ
Jeans Kemp,ÌíäÒ ßíãÈ
Jeel Branch,ÝÑÚ Ìíá
Jinah Al-Akhder,ÌäÇÍ ÇáÃÎÖÑ
Jnoub Shopping Center,ãÑßÒ ÊÓæÞ ÌäæÈ
JP Center,ãÑßÒ Ìí Èí
Jubail Coldstore,ÇáÌÈíá ßæáÏÓÊæÑ
Juhairan Shopping Center,ãÑßÒ ÌåíÑÇä ááÊÓæÞ
Joory Palace,ÌæÑí ÈÇáÇÓ
KA,ßÇ
Kabayan Supermarket,Kabayan ÓæÈÑ ãÇÑßÊ
KAFA,ßÝì
Kaldi,ßÇáÏí
Kan Zaman Restaurant,ãØÚã ßÇä ÒãÇä
Kanari,ßäÇÑí
Karbala,ßÑÈáÇÁ
Kareem Trading Establishment,ãÄÓÓÉ ßÑíã ÇáÊÌÇÑíÉ
Katwati,ßÇÊæÇÊí
kawkab Al-Ard,ßæßÈ ÇáÃÑÖ
Kayed,ßÇíÏ
Kenzy,ßíäÒí
Khafji Joint Operation,ÚãáíÉ ÇáÎÝÌí ÇáãÔÊÑßÉ
Khaial,ÎíÇá
Khair,ÇáÎíÑ
Khaldon Al-Emerini,ÎáÏæä ÇáÇãÑíäí
Khaleed S. Al-Sana Establishment,ãÄÓÓÉ ÎÇáÏ Èä ÕÇáÍ ÇáÕäÚÇÁ
Khaleej Restaurant,ãØÚã ÇáÎáíÌ
Khatif Al-Adwa,ÎØÇÈ ÇáÚÏæÉ
Khayam Studio,ÇÓÊæÏíæ ÇáÎíÇã
Khobar Discount Center,ãÑßÒ ÇáÎÈÑ ááÎÕã
Khobar Plastic,ÇáÎÈÑ ÈáÇÓÊíß
Khonaini Supermarket,Îæäíäí ÓæÈÑ ãÇÑßÊ
Kulsum,ßáÓæã
Kwatim Hadramoth,ßæÇÊíã åÇÏÑÇãæÊ
La Poire,áÇ ÈæÇÑ
La Sani,áÇ ÓÇäí
Lamsat Shahad,áãÓÇÊ ÔåÏ
Last Over,ÂÎÑ
Lateefa Hamed Al-Dossary Ladies Tailoring,áØíÝÉ ÍÇãÏ ÇáÏæÓÑí ááÎíÇØÉ ÇáäÓÇÆíÉ
Latif,áØíÝ
Laundry Bag,ÍÞíÈÉ ÛÓíá
Lewan Restaurant,ãØÚã áíæÇä
Lias,áíÇÓ
Libanon Green Restaurant,ãØÚã áíÈÇäæä ÌÑíä
Lights Trading Establishment,ãÄÓÓÉ ÇáÃÖæÇÁ ÇáÊÌÇÑíÉ
Lilas,áíáÇÓ
Lily,ÒäÈÞ
501 Shoppe,501 ÔæÈí
Lolo,áæáæ
Lora Saleh Qatani,áíÑÉ ÕÇáÍ ÞØÇäí
Lord,ÑÈ
Lucky Center,ãÑßÒ ÇáÍÙ
Luluat Al-Ferdos Pharmacy,ÕíÏáíÉ áæáæÇÊ ÇáÝÑÏæÓ
Lulu Al-Mazara,áæáæ ÇáãÒÇÑÉ
Lulu Ladies Center,ãÑßÒ Çááæáæ ááÓíÏÇÊ
Madyafix,ãÇÏíÇÝíßÓ
Mafares Sufra,ãÝÇÑÓ ÓÝÑÉ
Mahdi Al-Hutaili,ãåÏí ÇáÍØíáí
Mahdi Al-Hutaila Establishment,ãÄÓÓÉ ãåÏí ÇáÍØíáÉ
Mais AL-Rim,ãíÓ ÇáÑíã
Majdi House Needset,ãÌÏí åÇæÓ äíÏÓÊíÊ
Majed Fashion,ãÇÌÏ ÝÇÔæä
Majid Toys,ÃáÚÇÈ ãÇÌÏ
Makati Shopping Center,ãÑßÒ ãÇßÇÊí ááÊÓæÞ
Malaki,ãáÇßí
Malallah,ãááå
Malaz International,ãáÇÐ ÇáÏæáíÉ
Malboosath Arkan,ãÇáÈæÓÇË ÃÑßÇä
Malbusati,ãÇáÈæÓÊí
Malki,ÇáãÇáßí
Manakhel,ãäÇÎíá
Manameen,ÇáãäÇãíä
Manara Electric Co. Ltd.,ÔÑßÉ ÇáãäÇÑÉ ÇáßåÑÈÇÆíÉ ÇáãÍÏæÏÉ
Manhali Shopping Center,ãÑßÒ ãäåÇáí ááÊÓæÞ
Mani,ãÇäí
Manila,ãÇäíáÇ
Mansoor Pharmacy,ÕíÏáíÉ ãäÕæÑ
Markaz Al-Faizal Meat,ãÑßÒ ÇáÝíÕá ááÍæã
Marosh,ãÑæÔ
Mashwi Corner,Ñßä ãÔæí
Mazaya Al-Asaar,ãÒÇíÇ ÇáÚÕÇÑ
Mazaya Food,ãÒÇíÇ ÝæÏ
Multipurpose Cooperative (MCS),ÊÚÇæäíÉ ãÊÚÏÏÉ ÇáÃÛÑÇÖ (MCS)
Sabic Medical Clinic Services,ÎÏãÇÊ ÚíÇÏÉ ÓÇÈß ÇáØÈíÉ
Metro Center,ãÑßÒ ÇáãÊÑæ
Midhal Hotel,ÝäÏÞ ãíÏåÇá
Millenium,ÇáÇáÝíå
Mina Center,ãÑßÒ ãíäÇ
Mira Center,ãÑßÒ ãíÑÇ
Mirage Studio,ÇÓÊæÏíæ ãíÑÇÌ
Maharaja Palace Hotel,ÝäÏÞ ãåÑÇÌÇ ÈÇáÇÓ
Mama,ãÇãÇ
Modern Center Textiles,ÇáãäÓæÌÇÊ ÇáãÑßÒíÉ ÇáÍÏíËÉ
Modern Plastic Bag Factory,ãÕäÚ ÇáÃßíÇÓ ÇáÈáÇÓÊíßíÉ ÇáÍÏíËÉ
Modiest Fashion,ãæÏÓÊ ãæÖÉ
Modka Sweets,ÍáæíÇÊ ãæÏßÇ
Mohammed Shihab,ãÍãÏ ÔåÇÈ
Mohammad Mubarak,ãÍãÏ ãÈÇÑß
Mohammed Al-Sodair Trading Establishment,ãÄÓÓÉ ãÍãÏ ÇáÓÏíÑ ááÊÌÇÑÉ
Shaqsiyah Al-Momiaza,ÔÞíÉ ÇáãæãíÇÒÉ
Moulood,ãæáæÏ
Mozaini Trading,ãÒíäí ááÊÌÇÑÉ
Mukhaizeem Shopping Center,ãÑßÒ ãÎíÒíã ááÊÓæÞ
Muhktara Trading,ãÎÊÇÑÉ ááÊÌÇÑÉ
Mulaiki Fashion (MF),ãæáÇíßí ÝÇÔæä (MF)
Mulif Food Stuff,ãæáíÝ ááãæÇÏ ÇáÛÐÇÆíÉ
Mumaiza,ãÚíÒÉ
Muthana,ãËäì
Mutref,ãØÑÝ
MVC,MVC
My Aqar. Com,ÚÞÇÑí ßæã
My Baby,ÍÈíÈí
My Game,áÚÈÊí
Naemah,äÚãÉ
Nahed Trading Establishment,ãÄÓÓÉ äÇåÖ ÇáÊÌÇÑíÉ
Mijana Restaurant,ãØÚã ãíÌÇäÇ
Naher Al-Kerat,äÇåÑ ÇáßÑÇÊ
Naji Building Materials Supply,äÇÌí áÊæÑíÏ ãæÇÏ ÇáÈäÇÁ
Najma Al-Shawq Fashion,äÌãÉ ÇáÔæÞ ááÃÒíÇÁ
Najma Al-Fadhiya,äÌãÉ ÇáÝÇÖíÉ
Namer,äÇãÑ
Naseym Gulf,äÓíã ÇáÎáíÌ
Nashwa,äÔæì
Nasser M. Hasson Al-Ghamdi Establishment,ãÄÓÓÉ äÇÕÑ ãÍãÏ ÍÓæä ÇáÛÇãÏí
National Lighting,ÇáÅÖÇÁÉ ÇáæØäíÉ
National Market Company,ÔÑßÉ ÇáÓæÞ ÇáæØäí
National Methanol Company,ÇáÔÑßÉ ÇáæØäíÉ ááãíËÇäæá
Nectar,ÑÍíÞ
Nesrin Tailoring,äÓÑíä ááÎíÇØÉ
New Boy,ÝÊì ÌÏíÏ
New Style,äãØ ÌÏíÏ
New Time Fashion,ÃÒíÇÁ ÇáæÞÊ ÇáÌÏíÏ
New Look,ãÙåÑ ÌÏíÏ
Niklah Al-Khaleej Trading,ÔÑßÉ äÞáå ÇáÎáíÌ ááÊÌÇÑÉ
Nirala Sweets,ÍáæíÇÊ äíÑÇáÇ
Njood,äÌæÏ
No Limit Trading Establishment,ãÄÓÓÉ ÊÌÇÑÉ ÈáÇ ÍÏæÏ
Noor,äæÑ
Noora,äæÑÇ
Odaini,ÃæÏÇíäí
Okaz Commercial,ÚßÇÙ ÇáÊÌÇÑíÉ
Omrania Trading,ÇáÚãÑÇäíÉ ááÊÌÇÑÉ
One Style,äãØ æÇÍÏ
Open Day,íæã ãÝÊæÍ
Orchid,ÇáÓÍáÈ
Nokia Ringtone,äÛãÉ Ñäíä äæßíÇ
OOJ Coldstore,OOJ ßæáÏÓÊæÑ
Oriental Shopping Center (OSC),ãÑßÒ ÇáÊÓæÞ ÇáÔÑÞí (OSC)
Palestine Corner,Ñßä ÝáÓØíä
Panasonic,ÈÇäÇÓæäíß
Paper Moon,ÇáÞãÑ ÇáæÑÞí
Pasta Hot,ÈÇÓÊÇ åæÊ
Peacock Carpet Center,ãÑßÒ ÇáØÇææÓ ááÓÌÇÏ
PETROKEMYA (KEMYA),ÈÊÑæßíãíÇ (ßíãíÇ)
Picnic,äÒåå
Power Trading Establishment,ãÄÓÓÉ ÊÌÇÑÉ ÇáØÇÞÉ
Price House,ÈÑÇíÓ åÇæÓ
Prima Ware,ÈÑíãÇ æíÑ
Project Fertilizer,ãÔÑæÚ ÇáÃÓãÏÉ
Qamber,ÞãÈÑ
Qanbar Dywidag,ÞäÈÑ ÏíæíÏÇÛ
Quba Center,ãÑßÒ ÞÈÇÁ
Quds,ÇáÞÏÓ
Quds Food Supplier,ãæÑÏ ÞÏÓ ááÃÛÐíÉ
Rabie Shopping Center,ãÑßÒ ÑÈíÚ ááÊÓæÞ
Rabieya Charcoal,ÝÍã ÇáÑÈíÚ
Radi Al-Khosah,ÑÇÖí ÇáÎÔÉ
Rafath,ÑÃÝÉ
Rahma,ÑÍãÉ
Raid Store,ãÊÌÑ ÛÇÑÉ
Railways Organization,ãäÙãÉ ÇáÓßß ÇáÍÏíÏíÉ
Rakan Thamez,ÑÇßÇä ËÇãíÒ
Ramada Hotels and Suites,ÝäÇÏÞ æÃÌäÍÉ ÑãÇÏÇ
Ramez Group,ãÌãæÚÉ ÑÇãÒ
Ramz Al-Tawfeer,ÑãÒ ÇáÊæÝíÑ
Ramz Al-Thakfidat,ÑãÒ ÇáÐßÝíÏÇÊ
Rashed Mall,ÑÇÔÏ ãæá
Rassan Copy Center,ãÑßÒ ÑÇÓÇä ááäÓÎ
Rawaa Rawan,ÑæÇÁ ÑæÇä
Rawabi Al-Sham,ÑæÇÈí ÇáÔÇã
Rawaea Al-Tahany,ÑÇæíÉ ÇáØÍÇäí
Rayan (Mazaya Foods),ÑíÇä (ãÒÇíÇ ááÃÛÐíÉ)
Raybal Sweet House,ÑíÈÇá ÓæíÊ åÇæÓ
Razi,ÑÇÒí
Red Cap,ÛØÇÁ ÃÍãÑ
Red Carpet,ÇáÓÌÇÏÉ ÇáÍãÑÇÁ
Reem Sweet,Ñíã ÓæíÊ
Rehab Pharmacy,ÕíÏáíÉ ÑÍÇÈ
Rawan (RF),ÑæÇä (RF)
Rhona,ÑæäÇ
Riaya Hospital,ãÓÊÔÝì ÑíÇíÉ
Riyadh Coldstore,ßæáÏÓÊæÑ ÇáÑíÇÖ
Riyan,ÑíÇä
Roaa,ÑÄì
Romansiah,ÑæãÇäÓíÇ
Roshna Center,ãÑßÒ ÑæÔäÇ
Royal Commission on Health Program,ÈÑäÇãÌ ÇáåíÆÉ ÇáãáßíÉ ááÕÍÉ
Ruwad Al-Arab Factory,ãÕäÚ ÑæÇÏ ÇáÚÑÈ
Saad Specialist Hospital,ãÓÊÔÝì ÓÚÏ ÇáÊÎÕÕí
Sabic Terminal Services Medical Clinic,ÚíÇÏÉ ÓÇÈß ááÎÏãÇÊ ÇáØÈíÉ
SADAF,ÕÏÝ
Saeed B. Balhaddad,ÓÚíÏ Èä ÚÈÏÇáÍÏÇÏ
Saer Al-Insab,ÓÇíÑ ÇáÅäÓÈ
Saer Al-Mukhafad,ÓÇíÑ ÇáãÎÇÈÑÇÊ
Safa Foods,ÕÝÇ ááÃÛÐíÉ
Safar Fashion,ÓÝÑ ÝÇÔæä
SAFCO,ÓÇÝßæ
Royal Carpet,ÑæíÇá ßÇÑÊ
Sahara Petrochemicals,ÇáÕÍÑÇÁ ááÈÊÑæßíãÇæíÇÊ
Sahdi Meats,ÇááÍæã ÇáÓåÏíÉ
Saihati Grocery,ÈÞÇáÉ ÓíåÇÊí
Salahudin Pastry,ãÚÌäÇÊ ÕáÇÍ ÇáÏíä
Saleh Saghyer Trading Establishment,ãÄÓÓÉ ÕÇáÍ ÇáÕÛíÑ ááÊÌÇÑÉ
Saline Water Conversion Corporation,ÔÑßÉ ÊÍáíÉ ÇáãíÇå ÇáãÇáÍÉ
Salman Exhibition,ãÚÑÖ ÓáãÇä
SAM Computer,ÓÇã ááßãÈíæÊÑ
Sameh,ÓÇãÍ
Safsaf Restaurant,ãØÚã ÕÝÓÝ
Saiadiah Restaurant,ãØÚã ÇáÓíÇÏíÉ
Samel Trading Center,ãÑßÒ ÓÇãá ÇáÊÌÇÑí
Sameway Shopping Center,ãÑßÒ ÊÓæÞ Sameway
Samhan,ÓãÍÇä
Samir Al-Nassirin,ÓãíÑ ÇáäÇÕÑíä
Samposa Peladi,ÓÇãÈæÓÇ ÈíáÇÏí
Sanabel Al-Kher,ÓäÇÈá ÇáÎíÑ
Sanabel Al-Sharq,ÓäÇÈá ÇáÔÑÞ
Sanabil Al-Jnoub (AJS),ÓäÇÈá ÇáÌäæÈ (AJS)
Sara Studio,ÓÇÑÉ ÓÊæÏíæ
Sarekh Hassa,ÓÇÑíÎ ÃÓÇ
Saudi Arabic Store,ãÊÌÑ ÚÑÈí ÓÚæÏí
Saudi Aramco,ÃÑÇãßæ ÇáÓÚæÏíÉ
Saudi Broasted,ÈÑæÓÊ ÓÚæÏí
Saudi Cattering,ÇáÊãæíä ÇáÓÚæÏí
Saudi Holladi Bank,Èäß ÇáåæáÇÏí ÇáÓÚæÏí
Saudi Methanol Company,ÇáÔÑßÉ ÇáÓÚæÏíÉ ááãíËÇäæá
Saudi Textiles Thuqbah,ÇáãäÓæÌÇÊ ÇáÓÚæÏíÉ ÇáËÞÈÉ
Sayadine,ÓíÇÏíä
Sayary Ice Factory,ãÕäÚ ÓÇíÇÑí ááËáÌ
S-Chem Clinic,ÚíÇÏÉ ÅÓ ßíã
Sea and Shore Restaurant,ãØÚã Óí ÇäÏ ÔæÑ
Sehaiban Fashion,ÃÒíÇÁ ÓåÇíÈÇä
Seventy Five (75),ÎãÓÉ æÓÈÚæä (75)
Shahe,ÔÇå
Shamayil Al-Rabie Shopping Center,ãÑßÒ ÇáÔãÇíá ÇáÑÈíÚ ááÊÓæÞ
Shamel Group,ãÌãæÚÉ ÔÇãá
Sharif Pharmacy,ÕíÏáíÉ ÔÑíÝ
Sharour Restaurant,ãØÚã ÔÑæÑ
Shawaia,ÇáÔæÇíÉ
Shehri Center Ya Balash,ãÑßÒ ÔåÑí íÇ ÈáÇÔ
Shehri Plaza,ÔåÑí ÈáÇÒÇ
Shihac Supply,ÊæÑíÏ Shihac
Shimal Charcoal,ÝÍã ÔãÇá
Shiyuk Coffee,ÞåæÉ Ôíæß
Shkoor Trading Establishment,ãÄÓÓÉ ÔßæÑ ÇáÊÌÇÑíÉ
Shroq Factory,ãÕäÚ ÔÑæÞ
Sidra Fashion,ÓÏÑÉ ÝÇÔæä
Silky,ÍÑíÑí
Silver Needle,ÅÈÑÉ ÝÖíÉ
Sinaa Center,ãÑßÒ ÓíäÇÁ
Sanam Naifat Center,ãÑßÒ ÓäÇã äÇÆÝÇÊ
SIPCHEM,ÓíÈßíã
Soft Touch,áãÓÉ äÇÚãÉ
Soudier Store,ãÊÌÑ ÓæÏíÑ
Souq Fashion,ÓæÞ ÝÇÔæä
Small Millionaire,ÇáãáíæäíÑ ÇáÕÛíÑ
Star,äÌã
Star Roaster,ÓÊÇÑ ÑæÓÊÑ
Star Center,ãÑßÒ ÇáäÌæã
Star Nut,ÓÊÇÑ ÇáÌæÒ
Star Shopping Center,ãÑßÒ ÊÓæÞ ÓÊÇÑ
Studio Banat,ÇÓÊæÏíæ ÈäÇÊ
Suelah Charcoal,ÓæíáÇ ÝÍã
Suhaili,Óåíáí
Sumaiyah,ÓãíÉ
Sun Sweet,Õä ÓæíÊ
Sunset Beach Supemarket,Õä ÓíÊ ÈíÊÔ ÓæÈí ãÇÑßÊ
Super Corner,ÓæÈÑ ßæÑäÑ
Super Corner (Jamalak),ÓæÈÑ ßæÑäÑ (Ìãáß)
Supplies,ãÄä
Surprice,ÓæÑÈÑÇíÓ
Sweet Corner,ÓæíÊ ßæÑäÑ
Tabbaq Tabbaq Restaurant,ãØÚã ØÈÞ
Tafaneen,ÊÇÝäíä
Taj Al-Awael,ÊÇÌ ÇáÃæÇÆá
Taj Al-Khaleej Trading Establishment,ãÄÓÓÉ ÊÇÌ ÇáÎáíÌ ÇáÊÌÇÑíÉ
Tala Al-Khalij Trading Est.,ãÄÓÓÉ ÊÇáÇ ÇáÎáíÌ ÇáÊÌÇÑíÉ
Tannour Bakery,ãÎÈÒ ÊäæÑ
Taqs,Taqs
Taslya Al-Watania Trading Establishment,ãÄÓÓÉ ÊÓáíÉ ÇáæØäíÉ ÇáÊÌÇÑíÉ
Taybah,ØíÈÉ
Tekno Your Shop,Êßäæ ãÊÌÑß
Thoraya Telecom,ËÑíÇ ááÅÊÕÇáÇÊ
Thoufeer,ËæÝÑ
Thuqbah Cloth Center (TCC),ãÑßÒ ÇáËÞÈÉ ááÃÞãÔÉ (TCC)
Tifel Al-Radia,ÊíÝá ÇáÑÇÖíÉ
Top Ten,ÇáÚÔÑÉ ÇáÃæÇÆá
Top World,ÃÚáì ÇáÚÇáã
Tous Sweet,ÊæÓ ÓæíÊ
Towfu (Tokwa),ÊæÝæ (ÊæßæÇ)
Towline,ÍÈá ÇáÓÍÈ
Technical Home,ÇáÕÝÍÉ ÇáÑÆíÓíÉ ÇáÝäíÉ
Toys Corner,Ñßä ÇáÃáÚÇÈ
Toys Planet,ÊæíÒ ÈáÇäíÊ
Twaigera Group,ãÌãæÚÉ ÊæíÌíÑÇ
Um-Alsahik Al-Ahliya Pharmacy,ÕíÏáíÉ Ãã ÇáÓÇÍÞ ÇáÃåáíÉ
United Company Clinic,ÚíÇÏÉ ÇáÔÑßÉ ÇáãÊÍÏÉ
Uzam Health Medecine Clinic,ÚíÇÏÉ ÃæÒÇã ÇáÕÍíÉ ááØÈ
Vita Food Company,ÔÑßÉ ÝíÊÇ ááÃÛÐíÉ
Vogue,ÑÇÆÌ
Wafed (AF),æÇÝÏ (AF)
Waha Charcoal,æÇÍÉ ÝÍã
Wahat Al-Ahram,æÇÍÉ ÇáÃåÑÇã
Wahat Al-Andalus,æÇÍÉ ÇáÃäÏáÓ
Wahat Al-Asaar,æÇÍÉ ÇáÚÕÇÑ
Waraa Center,ãÑßÒ æÑÇÁ
Warq,æÑÇÞ
Washa,æÔÇ
Wassil Paper Product Company,ÔÑßÉ ÇáæÇÕá ááãäÊÌÇÊ ÇáæÑÞíÉ
Wazzan Restaurant,ãØÚã æÒÇä
We One Shopping Center,ãÑßÒ ÊÓæÞ æí æä
Welcome,ÃåáðÇ æÓåáðÇ
Weraq Studio Service,ÎÏãÉ ÇÓÊæÏíæ æÑÇÞ
Wessam Hotel,ÝäÏÞ æÓÇã
Wessam Sweets,ÍáæíÇÊ æÓÇã
Wisam,æÓÇã
Wlaim Charcoal,ÝÍã ÇááÇíã
World Dessert,Íáæì ÇáÚÇáã
World of Savings,ÚÇáã ÇáÇÏÎÇÑ
Yafae Jewelry,ãÌæåÑÇÊ íÇÝÇÁ
Yassir Trading Establishment,ãÄÓÓÉ íÇÓÑ ÇáÊÌÇÑíÉ
Your Choice,ÇÎÊíÇÑß
Yousif Pharmacy,ÕíÏáíÉ íæÓÝ
Yousuf Karam Sufra,íæÓÝ ßÑã ÓÝÑÉ
Z,Z
Zalzale,ÒÇáÒÇá
Z Power,Z ÈÇæÑ
Zahrani Trading,ÇáÒåÑÇäí ááÊÌÇÑÉ
Zamal Manahi,ÒãÇá ãäÇÍí
Zanobbia Style,ÃÓáæÈ ÒÇäæÈíÇ
Zarah Al-Mulwana,ÒÇÑÉ ÇáãáæÇäíÉ
Zohoor Pizza,ÈíÊÒÇ ÒåæÑ
Asil Charcoal,ÝÍã ÃÕíá
Cytotoxic Waste,ÇáäÝÇíÇÊ ÇáÓÇãÉ ááÎáÇíÇ
Aqee (Sharbal),ÚÞí (ÔÇÑÈá)
Best Friends,ÃÚÒ ÇáÃÕÏÞÇÁ
Taxi,ÊÇßÓí
Masal Al-Reem,ãÓÇá ÇáÑíã
Ajaeb Al-Jazzera,ÚÌíÈ ÇáÌÒíÑÇ
Amwaj Al-Seef,ÃãæÇÌ ÇáÓíÝ
Safir Restaurant,ãØÚã ÓÝíÑ
Sandellas Flat Bread,ÎÈÒ ÓÇäÏíáÇÓ ãÓØÍ
2000 Telecom,2000 ááÇÊÕÇáÇÊ
King Star Shopping Mall,ãÑßÒ ßíäÌ ÓÊÇÑ ááÊÓæÞ
Wesam Al-Tawfeer,æÓÇã ÇáÊæÝíÑ
Anaqah Al-Saudia,ÚäÇÞÉ ÇáÓÚæÏíÉ
Hanii Mobile,åÇäí ãæÈÇíá
Samarain Charcoal,ÝÍã ÓÇãÇÑíä
Mishab Trading Establishment,ãÄÓÓÉ ãÔÇÈ ÇáÊÌÇÑíÉ
Natharat Fee (NF),äËÇÑÇÊ ÝÇí (NF)
Kifah,ßÝÇÍ
Eastern Gate Restaurant,ãØÚã ÇáÈæÇÈÉ ÇáÔÑÞíÉ
Najmat Al-Tawfeer,äÌãÊ ÇáÊæÝíÑ
Gamat Al-Hassa,ÌÇãÚ ÇáÃÍÓÇÁ
Jamalak,ÌãÇá
Wahit Kawatim,æåíÊ ßæÇÊíã
Mazaya Al-Haram,ãÒÇíÇ ÇáåÑã
Plastic Recycling,ÅÚÇÏÉ ÊÏæíÑ ÇáÈáÇÓÊíß
Shawarma Webass,ÔÇæÑãÇ æíÈ
Sharq Al-Awsat,ÔÑÞ ÇáÃæÓØ
Rashaqa Waljamal (Citraria),ÑÔÞÉ æÇáÌãÇá (ÓíÊÑíÇ)
Muntazah,ãäÊÒå
Ghawar Restaurant,ãØÚã ÇáÛæÇÑ
Silk House,ÈíÊ ÇáÍÑíÑ
Planet Fashion,ÃÒíÇÁ ÇáßæßÈ
Unique Perfumes,ÚØæÑ ÝÑíÏÉ ãä äæÚåÇ
Dar Perfumes,ÏÇÑ ááÚØæÑ
Mouda,ãæÏì
Judh Restaurant,ãØÚã ÌæÏ
Fashion Point,äÞØÉ ÇáãæÖÉ
Ataa,ÚØÇÁ
Sanabis,ÇáÓäÇÈÓ
Ashrakt Al-Sharqiyah,ÃÔÑÇßÊ ÇáÔÑÞíÉ
Zain City,ãÏíäÉ Òíä
Jubail University College,ßáíÉ ÇáÌÈíá ÇáÌÇãÚíÉ
Najimat Shoes,ÃÍÐíÉ äÌãÇÊ
Dorob,ÏæÑæÈ
Pakistani,ÈÇßÓÊÇäí
Abanamy Hospital,ãÓÊÔÝì ÃÈÇäÇãí
Fertilizer Project,ãÔÑæÚ ÇáÃÓãÏÉ
Mushiri,ãÔíÑí
Raqwani,ÇáÑÞæÇäí
Penshoppe,Penshoppe
Masloum Codstore,Masloum Codstore
Special Bread,ÎÈÒ ÎÇÕ
Darlyn,ÏÇÑáíä
Reem Pizza,ÈíÊÒÇ Ñíã
Maha,ãåÇ
Barkat Super Market,ÓæÈÑ ãÇÑßÊ ÈÑßÇÊ
Saving Corner Center,ãÑßÒ Ñßä ÇáÊæÝíÑ
Bait Al-Robyan,ÈíÊ ÇáÑÈíÇä
Bait Al-Musthalik,ÈíÊ ÇáãÓÊÞÈá
Fugro-Suhaimi,ÝæÛÑæ ÓÍíãí
Neven,äíÝíä
Royal Pillow,æÓÇÏÉ ÑæíÇá
My Home,ÈíÊí
Faisal,ÝíÕá
TravelMate,ÊÑÇÝá ãíÊ
Delta Modern Bakeries,ãÎÇÈÒ ÏáÊÇ ÇáÍÏíËÉ
Huthaili Establishment,ãÄÓÓÉ ÍÐíáí
Fish House,ÈíÊ ÇáÓãß
Wadi Al-Hejaz Charcoal,æÇÏí ÇáÍÌÇÒ ÝÍã
Manal,ãäÇá
Amri Plaza,ÚãÑí ÈáÇÒÇ
Amri Plus for Textiles,ÚãÑí ÈáÓ ááãäÓæÌÇÊ
Jibneys,ÌíÈäíÓ
Ziyad,ÒíÇÏ
Ladin,ÇÏä
Bait Jeddy,ÈíÊ ÌÏí
Mizan Natural,ãíÒÇä ØÈíÚí
Master Point,ãÇÓÊÑ ÈæíäÊ
Opple,ÃæÈá
Malaz Gulf Establishment,ãÄÓÓÉ ãáÇÐ ÇáÎáíÌ
Essa,ÚíÓí
Seasons,ãæÇÓã
Tamimi Co. LTD.,ÔÑßÉ ÇáÊãíãí ÇáãÍÏæÏÉ
Sewing Accessories,ÇßÓÓæÇÑÇÊ ÇáÎíÇØÉ
Faizal Al-Ansari,ÝíÕá ÇáÃäÕÇÑí
Noor Charcoal,äæÑ ÝÍã
Tiger,äãÑ
Markaz Flash,"""ãÑßÒ ÝáÇÔ"""
Fahad Specialist Hospital,ãÓÊÔÝì ÝåÏ ÇáÊÎÕÕí
Fon Fon,Ýæä Ýæä
Kabas,ÞÈÇÓ
New Born Baby Gate,ÈæÇÈÉ ÇáØÝá ÍÏíË ÇáæáÇÏÉ
Saf Saf Restaurant,ãØÚã ÕÝ ÕÇÝ
Sharq Hotel,ÝäÏÞ ÔÑÞ
Abdullah Al-Ghunaim Trading Establishment,ãÄÓÓÉ ÚÈÏÇááå ÇáÛäíã ÇáÊÌÇÑíÉ
EPO,ÇáãßÊÈ ÇáÃæÑæÈí ááÈÑÇÁÇÊ
Amoudi,ÇáÚãæÏí
Jokar,ÌæßÇÑ
Toufeer Al-Mathali,ÊæÝíÑ ÇáãØÚáí
SWCC Employees,ãæÙÝæ ÇáãÄÓÓÉ ÇáÚÇãÉ áãÌáÓ ÇáäæÇÍí
ATT Group,ãÌãæÚÉ ATT
Red Onion,ÈÕá ÃÍãÑ
Huraith Tailor,ÎíÇØ ÍÑíË
Nassej Shahaba,äÇÓíÌ ÔåÇÈÇ
Maghlouth Store,ãÊÌÑ ãÛáæË
ACT,ÝÚá
Mohammed Salim Al-Rashed,ãÍãÏ ÓÇáã ÇáÑÇÔÏ
Tayeb Al-Tazaj,ØíÈ ÇáÊÒÌ
Yahya Spare Parts,ÞØÚ ÛíÇÑ íÍíì
Shamsi,ÔãÓí
Advance,ÊÑÞì
Prestige,åíÈå
Misk Al-Jenan,ãÓß ÇáÌäÇä
Golden Tulip Resort,ãäÊÌÚ ÌæáÏä ÊæáíÈ
Crown Plaza,ßÑÇæä ÈáÇÒÇ
KSFH,KSFH
Lebanes Bakery,ãÎÈÒ áÈäÇä
Jazeerat Al-Salam Trading Est.,ãÄÓÓÉ ÌÒíÑÉ ÇáÓáÇã ÇáÊÌÇÑíÉ
Eastern Cement Employee Cooperative,ÊÚÇæäíÉ ãæÙÝí ÇáÃÓãäÊ ÇáÔÑÞíÉ
Good Morning,ÕÈÇÍ ÇáÎíÑ
Ahmad Abdullah Al-Dawood Est.,ãÄÓÓÉ ÃÍãÏ ÚÈÏÇááå ÇáÏÇæÏ
Fakher Charcoal,ÝÍã ÝÇÎÑ
WESCOSA,æíÓßæÒÇ
Taj Restaurant,ãØÚã ÊÇÌ
Burger Stop,ÈÑÌÑ ÓÊæÈ
Royal Chicken,ÏÌÇÌ ÑæíÇá
Barq,ÈÑÞ
Lulu Al-Khaleej,áæáæ ÇáÎáíÌ
Onasa,ÃæäÇÓÇ
Dento Plast Center,ãÑßÒ ÏíäÊæ ÈáÇÓÊ
Gulf Hygenic,ÇáÎáíÌ ááÕÍÉ
Discount Village,ÞÑíÉ ÇáÎÕã
Tawasul Center,ãÑßÒ ÊæÇÕá
Bani Hashem Qanber,Èäí åÇÔã ÞäÈÑ
Shawermat,ÔÇæÑãÇÊ
Yahyah Parts Center,ãÑßÒ ÞØÚ ÛíÇÑ íÍíì
Rose Restaurant,ãØÚã ÑæÒ
Mabshoor House,ÈíÊ ãÈÔæÑ
Gulf Fasterners Company,ÔÑßÉ ÌáÝ ÝÇÓÊäÑ
Super Royal,ÓæÈÑ ÑæíÇá
Classic Charcoal,ÇáÝÍã ÇáßáÇÓíßí
Hamra Perfumes,ÍãÑÇ ááÚØæÑ
Hello Romance,ãÑÍÈÇ ÇáÑæãÇäÓíÉ
Wedad Kitchen,ãØÈÎ æÏÇÏ
Ahmad Ice Plant,ãÕäÚ ÃÍãÏ ááËáÌ
Mulla Engineering And Consulting Office,ãßÊÈ ÇáãáÇ ááåäÏÓÉ æÇáÇÓÊÔÇÑÇÊ
Al Bin Humda Electronics,Èä ÍãÏÉ ááÅáßÊÑæäíÇÊ
Computer Bags,ÍÞÇÆÈ ÇáßãÈíæÊÑ
Dana Cattering Services,ÏÇäÉ áÎÏãÇÊ ÇáÊãæíä
Saad Trading,ÓÚÏ ááÊÌÇÑÉ
Alam Al-Thakfidat,ÚÇáã ÇáÐßÝíÏÇÊ
Mas Trading,ãÇÓ ááÊÌÇÑÉ
Costa Juice,ÚÕíÑ ßæÓÊÇ
Nawashit Restaurant,ãØÚã äæÇÔíÊ
Hamdani,ÍãÏÇäí
Lawamea,áæÇÚãíÉ
Ashab Al-Khissa,ÃÕÍÇÈ ÇáÎÕÉ
Annaba Shoes Center,ãÑßÒ ÃÍÐíÉ ÚäÇÈÉ
Raiaana Shoes,ÃÍÐíÉ ÑíÇäÇ
Tabuk Shoes & Miss Shoes,ÃÍÐíÉ ÊÈæß æÃÍÐíÉ ãáßÉ ÌãÇá
Fiber Ball Pillow,æÓÇÏÉ ÇáßÑÉ ÇááíÝíÉ
Diameters World for Trading,ÃÞØÇÑ ÇáÚÇáã ááÊÌÇÑÉ
Infectious/Biohazardous Waste,ÇáäÝÇíÇÊ ÇáãÚÏíÉ / ÇáÎØÑÉ ÈíæáæÌíÇ
Infectious Waste/Biohardous Waste,ÇáäÝÇíÇÊ ÇáãÚÏíÉ / ÇáäÝÇíÇÊ ÇáÍíæíÉ ÇáÕáÈÉ
Bakhour Charcoal,ÝÍã ÇáÈÎæÑ
Sabic,ÓÇÈß
ChiCkoos,ÊÔíßæÓ
KKMC Hospital,ãÓÊÔÝì KKMC
Hillal,åáÇá
Juton Paints,ÏåÇäÇÊ ÌæÊæä
Abeer 2,ÚÈíÑ 2
Mashriq Al-Khaleej,ãÔÑÞ ÇáÎáíÌ
Seafoods Restaurant,ãØÚã ÇáãÃßæáÇÊ ÇáÈÍÑíÉ
Jamiyah Safwa,ÌÇãÚ ÇáÕÝæÉ
Japjapa,ÌÇÈÌÇÈÇ
Jasim,ÌÇÓã
Matco,ãÇÊßæ
Wajaha,æÌÇåÉ
Mohammad Al-Aradi,ãÍãÏ ÇáÚÑÇÏí
Azhar Al-Rabi Co. 5,ÔÑßÉ ÃÒåÑ ÇáÑÈíÚ 5
Azhar Al-Rabi Co. 3,ÔÑßÉ ÃÒåÑ ÇáÑÈíÚ 3
Sharq International School,ãÏÑÓÉ ÔÑÞ ÇáÏæáíÉ
EZ Restaurant,ãØÚã EZ
Keyboard For Computer,áæÍÉ ãÝÇÊíÍ ááßãÈíæÊÑ
East Central,ÅíÓÊ ÓäÊÑÇá
Ryan Supermarket,ÑíÇä ÓæÈÑ ãÇÑßÊ
Munjif,ãäÌÝ
Platinum Casual,ÈáÇÊíäíæã ßÇÌæÇá
Shamel Plaza,ÔÇãá ÈáÇÒÇ
Steinike Hall (SH),ÞÇÚÉ ÔÊÇíäíß (SH)
Banoosh Foodstuff Est.,ãÄÓÓÉ ÈÇäæÔ ááãæÇÏ ÇáÛÐÇÆíÉ
Shamasi,ÔãÇÓí
Shabba Trading Est.,ãÄÓÓÉ ÔÈÇ ááÊÌÇÑÉ
Red Ribbons,ÔÑÇÆØ ÍãÑÇÁ
Ali Al-Dossary,Úáí ÇáÏæÓÑí
Rehmani,ÑÍãÇäí
Rashid Plaza,ÑÇÔÏ ÈáÇÒÇ
Elegant Palace,ÇáÞÕÑ ÇáÃäíÞ
Sabaya Cosmetics,ÕÈÇíÇ áãÓÊÍÖÑÇÊ ÇáÊÌãíá
Bin Qadeem Stores Trading,ÊÌÇÑÉ ãÎÇÒä Èä ÞÏíã
Bader,ÈÏÑ
Adnan,ÚÏäÇä
Karzakan,ßÑÒßÇä
Karana,ßÇÑÇäÇ
Amary,ÚÇãÑí
Sharqia,ÇáÔÑÞíÉ
Umkhalid,ÃãÎÇáíÏ
Fakhamah,ÝÎãÉ
Soroor,ÓæÑæÑ
General Store 2,ÇáãÊÌÑ ÇáÚÇã 2
Rashad Center,ãÑßÒ ÑÔÇÏ
Well Done,ÃÍÓäÊ
Dijla Poultry Farm,ãÒÑÚÉ ÏæÇÌä ÏÌáÉ
Sarekh Dammam,ÓÇÑÎ ÇáÏãÇã
S & S Sima,Ó ÂäÏ ÅÓ ÓíãÇ
Layan Auto Parts,áíÇä ÞØÚ ÛíÇÑ ÇáÓíÇÑÇÊ
White Rose,ÇáæÑÏÉ ÇáÈíÖÇÁ
Baby Dream,ÈíÈí ÏÑíã
Jamrat Hajar,ÌãÑÇÊ ÍÌÑ
Kawser,ßæËÑ
Industrial Trading House (ITH),ÈíÊ ÇáÊÌÇÑÉ ÇáÕäÇÚí (ITH)
Tahir Group,ãÌãæÚÉ ÇáØÇåÑ
Mohammed Al-Tamimi,ãÍãÏ ÇáÊãíãí
Ekhtiyar Al-Mustahlaq Super Market,ÓæÈÑ ãÇÑßÊ ÅÎÊíÇÑ ÇáãÓÊÞá.
Crispy and Spicy,ßÑÓÈí ÂäÏ ÓÈÇíÓí
Beauty Scarf,æÔÇÍ ÇáÌãÇá
Shifa AL-Jubail Pharmacy,ÕíÏáíÉ ÔÝÇÁ ÇáÌÈíá
Falak,Ýáß
Adwa Al-Ekhtiyar Center,ãÑßÒ ÚÏæì ÇáÊÎÕÕ
Ayoop,ÃíæÈ
Abayat Al-Hasna,ÚÈÇíÉ ÇáÍÓäÇÁ
DEBAJ AL-RAKI CENTER,ãÑßÒ ÏíÈÇÌ ÇáÑÇßí
Thabeay Restaurant,ãØÚã ÐÈíÚ
roshna,ÑæÔäÇ
Rafa Pharmacy,ÕíÏáíÉ ÑÇÝÇ
SARAYA CENTER,ãÑßÒ ÓÑÇíÇ
DAR AL-TOFOLAH,ÏÇÑ ÇáØÝæáÉ
MUKHTARAH,ãÎÊÇÑÉ
NASSER TRADING CENTER,ãÑßÒ äÇÕÑ ÇáÊÌÇÑí
Health Pillow,æÓÇÏÉ ÕÍíÉ
K.F.S.H.D.,ß.Ý.Ó.Í.Ï.
Khobar Cooperative Clinic,ÚíÇÏÉ ÇáÎÈÑ ÇáÊÚÇæäíÉ
RADI HALAL,ÑÇÖí ÍáÇá
ALAM AL-TAKHFIDAT CENTER,ãÑßÒ Úáã ÇáÊÎÕÕÇÊ
AL-JAWKER,ÇáÌæßÑ
DIWAN AL-MASHAWI RESTURANT,ãØÚã ÏíæÇä ÇáãÔæí
Tanveer,ÊäÝíÑ
Serbal,ÓÑÈÇá
WAHAT AL-SHAMIL PLAZA,æÇÍÉ ÇáÔãÇá ÈáÇÒÇ
SEA FOOD RESTURANT,ãØÚã ÇáãÃßæáÇÊ ÇáÈÍÑíÉ
Shirimpy International,ÔíÑíãÈí ÇáÏæáíÉ
JAZERAT AL-SALAM FACTORY,ãÕäÚ ÌÒíÑÉ ÇáÓáÇã
WAFA PALACE,ÞÕÑ ÇáæÝÇÁ
BIN HUMDA ELECTRONIC,Èä ÍãÏÉ ÇáÅáßÊÑæäíÉ
ALAHRAM CENTER,ãÑßÒ ÇáÃåÑÇã
Pillow,ãÎÏÉ
TECHNICAL CENTER TURKISH,ÇáãÑßÒ ÇáÊÞäí ÇáÊÑßí
Ustun Ray,ÃæÓÊæä ÑÇí
JERAIF RESTURANT,ãØÚã ÌÑíÝ
HILAL PHARMACY,ÕíÏáíÉ ÇáåáÇá
COLGATE,ßæáÌíÊ
MOZON RESTURANT,ãØÚã ãæÒæä
HABIB AL-RAHMAN,ÍÈíÈ ÇáÑÍãä
PIZZA REEM,ÈíÊÒÇ Ñíã
KAWATIM RESTURANT/BASAM,ãØÚã ßÇæÇÊíã / ÈÓÇã
ALI M. BU SALEH TRADING & CONT.EST,Úáí ãÍãÏ Èæ ÕÇáÍ ááÊÌÇÑÉ æÇáÇÓÊãÑÇÑ ãÄÓÓå
ANAQAT AL-MAHA,ÞäæÇÊ ÇáãåÇ
MASS TRADING,ÇáÊÏÇæá ÇáÌãÇÚí
KWATIM RESTURANT,ãØÚã ßæÊíã
ALQIMAH CENTER(TOP),ãÑßÒ ÇáÞãÉ(ÃÚáì)
INTERNATIONAL AGENT EST.,ãÄÓÓÉ Çáæßíá ÇáÏæáí
Bread World,ÚÇáã ÇáÎÈÒ
HARAT RAHAL BAKERIES & SWEETS,ãÎÇÈÒ æÍáæíÇÊ ÍÇÑÉ ÑÍÇá
SAMBOSA MOON,ÞãÑ ÓÇãÈæÓÇ
BRAVO,ÚÝÇÑã
CRISPY KING,ßÑÓÈí ßíäÌ
PARIS CENTER,ãÑßÒ ÈÇÑíÓ
MALTA,ãÇáØÇ
OLAYAN FOR ABAYAT,ÃæáíÇä ááÚÈÇíÇÊ
Seven Star,ÓÈÚ äÌæã
AL-JAMAL WAL KAMAL EST.,ãÄÓÓÉ ÇáÌãá æÇáßãÇá
Thalatha Al-Kwakib Est.,ãÄÓÓÉ ËáÇËÇ ÇáßæÇßÈ.
Ibn Zahr Clinic,ÚíÇÏÉ ÇÈä ÒåÑ
Qabban,ÞÈÇä
Alwani Trading Center,ãÑßÒ ÇááæÇäí ÇáÊÌÇÑí
Persian Carpet Center,ãÑßÒ ÇáÓÌÇÏ ÇáÝÇÑÓí
Konfti Sweets,ÍáæíÇÊ ßæäÝÊí
Jabri Fashion & Textiles,ÌÇÈÑí ááÃÒíÇÁ æÇáãäÓæÌÇÊ
Doha Star For Electronic,äÌãÉ ÇáÏæÍÉ ááÅáßÊÑæäíÇÊ
Consumer Oasis,æÇÍÉ ÇáãÓÊåáß
Mansoor Rabiyah Sayed (MRS),ãäÕæÑ ÑÇÈÚÉ ÓíÏ (MRS)
Matbah Al-Mashra Restaurant,ãØÚã ãØÈÉ ÇáãÔÑì
"One, Two and More",æÇÍÏ æÇËäÇä æÃßËÑ
Moh. Abd. Al-Hajire Trading Est.,ÇáæÒÇÑå. ãÄÓÓÉ ÚÈÏ ÇáåÇÌíÑ ÇáÊÌÇÑíÉ
Abu Traika Rice,ÃÑÒ ÃÈæ ØÑíÞÉ
Mubaraka,ãÈÇÑßÉ
Ruqee,ÑÞí
Ribbons Pastries and Bakeshope,ÔÑÇÆØ ÇáãÚÌäÇÊ æÇáÎÈÒ
Vichy Laboratories,ãÎÊÈÑÇÊ ÝíÔí
Gulf Waves,ÃãæÇÌ ÇáÎáíÌ
Ghader Nuts,ÛÏÑ ÌæÒ
Kahramana (KS) + View Aqua,ßåÑãÇäÇ (ßÇäÓÇÓ) + ÚÑÖ ÃßæÇ
Shawarma Gina,ÔÇæÑãÇ ÌíäÇ
Medical Uniform,ÇáÒí ÇáØÈí
Sam Mathew,ÓÇã ãÇËíæ
Qamma Al-Baraka,ÞãÇÁ ÇáÈÑßÉ
Meshkhal Charcoal,ãÔÎÇá ÝÍã
Jood Baby,ÌæÏ ÈíÈí
Heaven Sweets & Nuts,ÍáæíÇÊ ÇáÓãÇÁ æÇáãßÓÑÇÊ
Haji Markets W.L.L.,ÃÓæÇÞ ÍÇÌí Ð.ã.ã
Laeonha Est.,ãÄÓÓÉ áíæäåÇ
Bin Afif (Arda Trading Corp.),Èä ÚÝíÝ (ÔÑßÉ ÃÑÖ ÇáÊÌÇÑíÉ)
Kadiwa Shopping Center,ãÑßÒ ßÇÏíæÇ ááÊÓæÞ
Sama Sama Shopping Center,ãÑßÒ ÓãÇ ááÊÓæÞ
Fouzan Food Supplies,ÝæÒÇä ááÅãÏÇÏÇÊ ÇáÛÐÇÆíÉ
Dahareez Toys,ÃáÚÇÈ ÇáÙåÑíÒ
Plastic Marketing,ÊÓæíÞ ÇáÈáÇÓÊíß
Islamic Cultural Center,ÇáãÑßÒ ÇáËÞÇÝí ÇáÅÓáÇãí
Nabel,äÇÈá
Senbel Agriculture & Veterenary Mat Est.,ãÄÓÓÉ ÓäÈá ááÒÑÇÚÉ æÇáÈíØÑíÉ
Tabaqat,ØÈÞÇÊ
Knife,Óßíä
United (RC Jubail),íæäÇíÊÏ (RC ÇáÌÈíá)
Nemar Trading Est.,ãÄÓÓÉ äãÇÑ ÇáÊÌÇÑíÉ
Jory Fashion,ÃÒíÇÁ ÌæÑí
Khonaini Pharmacies,ÕíÏáíÇÊ Îæäíäí
Abu Haitem Turkey Restaurant,ãØÚã ÃÈæ ÍØÊã ÊÑßíÇ
Lights,ÇÖæÇÁ
Chandeliers,ÇáËÑíÇÊ
Enarat,ÅíäÇÑÇÊ
Ten Over Ten,ÚÔÑÉ Úáì ÚÔÑÉ
Rise Crome,ÑÇíÒ ßÑæã
IPA,IPA
Awali For Foodstuff W.L.L.,ÔÑßÉ Ãæáí ááãæÇÏ ÇáÛÐÇÆíÉ Ð.ã.ã
Biomet,ÈíæãíÊ
Baba Nor,ÈÇÈÇ äæÑ
Levis Jeans,áíÝíÓ ÌíäÒ
Elegant Wave Trading Est. Br.,ãÄÓÓÉ ÇáãæÌÇÊ ÇáÃäíÞÉ ááÊÌÇÑÉ Br.
Chili Restaurant,ãØÚã ÊÔíáí
Shark Center,ãÑßÒ ÇáÞÑÔ
Bayuni Center,ãÑßÒ Èíæäí
K-12,ß -12
Faham Al-Bahoor,ÝåÇã ÇáÈÇåæÑ
Ferruci,ÝíÑæÓí
Atheeb,ÚÐíÈ
Golden Janadriah Est.,ãÄÓÓÉ ÇáÌäÇÏÑíÉ ÇáÐåÈíÉ.
Kono Pizza,ÈíÊÒÇ ßæäæ
Cam4Sell,Cam4Sell
Jinoob Perfume,ÚØÑ ÌäæÈ
Romaizan Diamond,ÑãíÒÇä ÏÇíãæäÏ
Safeena,ÕÝíäÇ
Hyper Top,åÇíÈÑ ÊæÈ
Nukbah Selection,ÇÎÊíÇÑ ÇáäßÈÉ
Beef O Bradys,áÍã ÈÞÑí Ãæ ÈÑÇÏíÓ
Asmai Bookstore,ãßÊÈÉ ÃÓãÇí
Jouz Sweets,ÍáæíÇÊ ÌæÒ
Atlas Capco,ÃØáÓ ßÇÈßæ
Awal Pharmacy,ÕíÏáíÉ ÃæÇá
City Style,ÓÊÇíá ÇáãÏíäÉ
Elia Restaurant,ãØÚã ÅíáíÇ
Wardo Kabab,æÑÏæ ßÈÇÈ
Saad Commercial,ÓÚÏ ÇáÊÌÇÑí
Mulhim,ãæáíã
Top Bags,ÃÚáì ÇáÍÞÇÆÈ
Frederic M,ÝÑíÏÑíß ã
Papa Mojanati Restaurants,ãØÇÚã ÈÇÈÇ ãæÌÇäÇÊí
Mona,ãæäÇ
Shams Al-Madina Trad. Est.,ÔãÓ ÇáãÏíäÉ ØÑÇÏ. ãÄÓÓå.
Chantek,ÔÇäÊíß
Luluat Al-Rafidin Restaurant,ãØÚã áæáæÇÊ ÇáÑÇÝÏíä
Bab Al-Khaer,ÈÇÈ ÇáÎíÑ
My Home & I,ÈíÊí æÃäÇ
Gulf Nuts and Sweets Center,ãÑßÒ ÇáÎáíÌ ááãßÓÑÇÊ æÇáÍáæíÇÊ
Chocolate,ÔßæáÇÊå
Siddiq,ÕÏíÞ
Black Star,ÇáäÌã ÇáÃÓæÏ
Rafghad,ÑÝÛÏ
Cyber City,ÓÇíÈÑ ÓíÊí
Scholl,Ôæá
Munif Trading Center,ãÑßÒ ãäíÝ ÇáÊÌÇÑí
TRAD,ØÑÇÏ
Najoom Paris Perfume,ÚØÑ äÌæã ÈÇÑíÓ
Ali A. Al-Hashim Trading Est.,ãÄÓÓÉ Úáí ÚÈÏÇáÑÍãä ÇáåÇÔã ÇáÊÌÇÑíÉ.
Sea Meal,æÌÈÉ ÇáÈÍÑ
Parts World Est.,ãÄÓÓÉ ÈÇÑÊÓ ææÑáÏ
RT Sports,RT ÇáÑíÇÖÉ
Magistic Pillow,æÓÇÏÉ ãÇÌíÓÊíß
Cateus,ßÇÊíæÓ
Taiba Center,ØíÈÉ ÓäÊÑ
Nahda Restaurant,ãØÚã ÇáäåÏÉ
Afghani,ÃÝÛÇäí
Naeem Pastry & Grill,äÚíã ÇáãÚÌäÇÊ æÇáãÔÇæí
Khaled A. Al-Mulhim & Bros Co.,ÔÑßÉ ÎÇáÏ ÚÈÏÇáÑÍãä ÇáãáÍã æÅÎæÇäå
V VIV,Ýí ÝíÝ
Luluat,ÇááÄáæÇÊ
Alwan Baraka,ÃáæÇä ÈÑßÉ
Awany Al-Nawraj,ÚæÇäí ÇáäæÑÇÌ
Ahali Sandwiches,ÓäÏæíÊÔÇÊ ÇáÃåÇáí
Burger House,ÈÑÌÑ åÇæÓ
Badeel,ÈÏíá
Masala Restaurant,ãØÚã ãÇÓÇáÇ
Jubail Guest Palace Restaurant,ãØÚã ÌÈíá ÌíÓÊ ÈÇáÇÓ
Zaiyan,ÒíÇä
Hailah Mushabab Lejhar Trad. Center,åíáÉ ãÔÈÇÈ áÌÇÑ ØÑÇÏ. ãÑßÒ
Zainabia,ÒíäÈíÇ
Sweet Village,ÇáÞÑíÉ ÇáÍáæÉ
Gourmet Bakers & Sweets,ÌæÑãíå ÈíßÑÒ ÂäÏ ÓæíÊÓ
Diamond Soft Tissue,ÇáãäÇÏíá ÇáäÇÚãÉ ÇáãÇÓíÉ
Radan,ÑÇÏÇä
Charleys Grilled Subs,ÊÔÇÑáíÒ ÌæÈÓ ãÔæí
Sultan Grill,ÓáØÇä ÌÑíá
Little Caesars,ÇáÞíÇÕÑÉ ÇáÕÛÇÑ
My House,ãäÒáí
Cherokee,ÔíÑæßí
DFC,DFC
Rav,ÑÇÝ
BNB,BNB
Joker,ÌæßÑ
Arabian Expert,ÇáÎÈíÑ ÇáÚÑÈí
Abu Al-Ainen,ÃÈæ ÇáÚíäíä
Basmati,ÈÓãÊí
Haseer Restaurant,ãØÚã ÍÕíÑ
Injee Restaurant,ãØÚã ÅäÌí
Barwaz,ÈÑæÇÒ
Good Morning Sunrise,ÕÈÇÍ ÇáÎíÑ ÔÑæÞ ÇáÔãÓ
Jinan Car Wash,ÌíäÇä ÛÓíá ÇáÓíÇÑÇÊ
Handor Abdullah Al-Asmari Trading Est.,ãÄÓÓÉ åÇäÏæÑ ÚÈÏÇááå ÇáÃÓãÑí ÇáÊÌÇÑíÉ
Jazeera World,ÚÇáã ÇáÌÒíÑÉ
Cake And Bake,ßíß ÇäÏ Èíß
Flaafel Time,æÞÊ ÝáÇÝá
Shoala Restaurant,ãØÚã ÔÚáÉ
Nelly Restaurant,ãØÚã äíááí
Dewany Restaurant,ãØÚã ÏíæÇäí
Tasnee,ÇáÊÕäíÚ
Trath Al-Sharq,ÊÑÇË ÇáÔÑÞ
Qalet Al-Anod Restaurant,ãØÚã ÞáÚÉ ÇáÚäæÏ
Azhar Al-Rabi Co. 8,ÔÑßÉ ÃÒåÑ ÇáÑÈíÚ 8
Saeed Fakher Trading Co.,ÔÑßÉ ÓÚíÏ ÝÇÎÑ ÇáÊÌÇÑíÉ
Adam Broasted,ÂÏã ÈÑæÓÊ
Lebanese Oven,ÝÑä áÈäÇäí
Kemya,ßíãíÇ
Fatyat,ÝÊíÇÊ
Gozor Al-Tabeyah,ÌÐæÑ ÇáØÇÈíÉ
Basamat Dental Clinics,ÚíÇÏÇÊ ÈÓÇãÇÊ áØÈ ÇáÃÓäÇä
Ahmad Shisha,ÃÍãÏ ÇáÔíÔÉ
Qassar Al-Thaqfidhat,ÞÕÇÑ ÇáËÞÝíÐÇÊ
Jazeera Bakery,ãÎÈÒ ÇáÌÒíÑÉ
Talabiat Metal Surface Treatment Factory,ãÕäÚ ØáÈÇÊ ãÚÇáÌÉ ÇáÃÓØÍ ÇáãÚÏäíÉ
Shehab,ÔåÇÈ
Lilac Restaurant,ãØÚã áíáß
Gama Hospital,ãÓÊÔÝì ÌÇãÇ
Kanayon Supermarket,Kanayon ÓæÈÑ ãÇÑßÊ
Tamrya,ÊÇãÑíÇ
Aradi Supermarket,ÃÑÇÏí ÓæÈÑ ãÇÑßÊ
Shawate Al-Khaleej,ÔæÇÊ ÇáÎáíÌ
Tamayouz,ÇáÊãíÒ
Protesto,ÈÑæÊÓÊæ
Jamalalbuyoot,ÌãÇá ÇáÈæíæÊ
Khusheim Industrial Equipment Co.,ÔÑßÉ ÎæÔíã ááãÚÏÇÊ ÇáÕäÇÚíÉ
Kalemat,ßáãÇÊ
Future For Toys,ãÓÊÞÈá ááÃáÚÇÈ
Apple Phone,åÇÊÝ ÃÈá
Nadera,äÇÏíÑÇ
Optical City,ÇáãÏíäÉ ÇáÈÕÑíÉ
Misbah Trading Est.,ãÄÓÓÉ ãÕÈÇÍ ááÊÌÇÑÉ
Granite Powder,ãÓÍæÞ ÇáÌÑÇäíÊ
Shima,ÔíãÇ
Kifahi Est.,ãÄÓÓÉ ßÝÇÍí
Milas Restaurant,ãØÚã ãíáÇÓ
Hamazan Restaurant,ãØÚã åãÒÇä
Joory Toys,ÃáÚÇÈ ÌæÑí
Layan Hyper,áíÇä åÇíÈÑ
Needle And Thread,ÅÈÑÉ æÎíØ
Fakhre,ÝÎÑí
Steam Star,ÓÊíã ÓÊÇÑ
Tayeb Pharmacy,ÕíÏáíÉ ÇáØíÈ
Wasail,æÓíá
Blue Birds,ÇáØíæÑ ÇáÒÑÞÇÁ
Experts,ÇáÎÈÑÇÁ
Nariyah Medical,äÇÑíÉ ÇáØÈíÉ
Oriental Antique,ÇáÚÊíÞÉ ÇáÔÑÞíÉ
Dhooq Restaurant,ãØÚã ÐæÞ
Riyadh Trading Center,ãÑßÒ ÇáÑíÇÖ ÇáÊÌÇÑí
Daloob,ÏáæÈ
Friends,ÇÕÏÞÇÁ
Crispy WoW,ßÑÓÈí æÇæ
Jowan Car Wash,ÌæÇä ÛÓíá ÇáÓíÇÑÇÊ
Nogosh,äæÞæÔ
Violinista,ÚÇÒÝ ÇáßãÇä
Donuts Place,ÏæäÇÊÓ ÈáíÓ
Attia Trading Est.,ãÄÓÓÉ ÚØíÉ ááÊÌÇÑÉ
BS - Beauty Secret Cosmetics,ÈßÇáæÑíæÓ - ãÓÊÍÖÑÇÊ ÇáÊÌãíá ÇáÓÑíÉ
Dammam National Dispensary,ãÓÊæÕÝ ÇáÏãÇã ÇáæØäí
HomWare,åæã æíÑ
Alam Bahariyat Restaurant,ãØÚã Úáã ÈåÇÑíÇÊ
Fit House,ÝíÊ åÇæÓ
Casa Cofee,ßÇÒÇ ßæÝí
Dallah Kersar,Ïáå ßÑÓÇÑ
Elegance,ÇáÇäÇÞå
Price Touches,áãÓÇÊ ÇáÓÚÑ
Avnos Restaurant,ãØÚã ÃÝäæÓ
Guest Palace Restaurant,ãØÚã ÌíÓÊ ÈÇáÇÓ
Kingdom Carpet,ÓÌÇÏÉ ÇáããáßÉ
Fawar,ÝæÇÑ
A-1 Products,ãäÊÌÇÊ A-1
New Ten,äíæ Êä
Abu Safar,ÃÈæ ÓÝÑ
Glossy,áÇãÚå
Baity,ÈíÊí
Ameer Restaurant,ãØÚã ÃãíÑ
Saraya Restaurant,ãØÚã ÓÑÇíÇ
Cabalen Restaurant,ãØÚã ßÇÈÇáíä
Naval Coldstore,ßæáÏÓÊæÑ ÇáÈÍÑíÉ
Adel Al-Mountazar,ÚÇÏá ÇáãäÊÒÇÑ
Safanah,ÕÝÇäÉ
Elap wa Taalam,ÅíáÇÈ æÚáã
Estilo,ÅÓÊíáæ
Happy Land,åÇÈí áÇäÏ
Tamur Waratib Tayeb,ÊÇãæÑ æÑÇÊíÈ ÇáØíÈ
Saffron Island Restaurant,ãØÚã ÌÒíÑÉ ÇáÒÚÝÑÇä
Tasty and Crispy,áÐíÐ æãÞÑãÔ
Olive Village,ÞÑíÉ ÇáÒíÊæä
Handasah Alhazem,åäÏÇÓÉ ÇáÍÇÒã
Yonis Burger,íæäÓ ÈÑÌÑ
Bab KhoKha,ÈÇÈ ÎæÎÇ
Be Sport,ßä ÑíÇÖíÇ
Shike sayaden,Ôíß ÓÇíÇÏä
Razi clinec,ÑÇÒí ßáÇíäß
Little Doll,ÏãíÉ ÕÛíÑÉ
Dulaijan,ÏáíÌÇä
Rawabi Sweet,ÑæÇÈí ÓæíÊ
Flying Horse,ÇáÍÕÇä ÇáØÇÆÑ
Japanishi,íÇÈÇäíÔí
Bench,ãÕØÈÉ
Arrazi Clinics,ÚíÇÏÇÊ ÇáÑÇÒí
Bortokan,ÈæÑÊæßÇä
Shaikh Al-Sayadin,ÇáÔíÎ ÇáÕíÇÏíä
Zad Al-Diwanyya,ÒÇÏ ÇáÏíæÇäíÉ
Sambosa,ÓãÈæÓÉ
Nasma AL-Jazeera Restaurant,ãØÚã äÓãÉ ÇáÌÒíÑÉ
Adliya Gate,ÈæÇÈÉ ÇáÚÏáíÉ
Howard Johnson,åæÇÑÏ ÌæäÓæä
Zamil,ÇáÒÇãá
GHL (Gulf House Lab.),GHL (ãÎÊÈÑ ÈíÊ ÇáÎáíÌ)
Rawaea Jeddah,ÑÇæíÚ ÌÏÉ
Danoob,ÏÇäæÈ
Patonia,ÈÇÊæäíÇ
Middle East Restaurant,ãØÚã ÇáÔÑÞ ÇáÃæÓØ
Tawania,ÊæÇäíÉ
Alyoum Alsayed Restaurant,ãØÚã Çáíæã ÇáÓíÏ
Alazaem Restaurants,ãØÇÚã ÇáÚÙÇã
Pastries And Pies Egyptian Star,ÇáãÚÌäÇÊ æÇáÝØÇÆÑ ÇáãÕÑíÉ ÓÊÇÑ
Health and Life Polyclinic,ÚíÇÏÉ ÇáÕÍÉ æÇáÍíÇÉ
Raeya AlMashuyat Restaurant,ãØÚã ÑÇíÉ ÇáãÔæíÇÊ
Ilonggos,ÅíáæäÛæÓ
Bin Hydara Trading Est.,ãÄÓÓÉ Èä ÍíÏÑÉ ááÊÌÇÑÉ
Zayer,ÒÇíÑ
Bandhari Saudia,ÈÇäÏÇÑí ÇáÓÚæÏíÉ
Mary Bake and Cake,ãÇÑí Èíß ÂäÏ ßíß
Madhaq Hawa,ãÏÍÇÞ ÍæÇÁ
Ibrahim M. Al-Najran Ext.,ÅÈÑÇåíã ãÍãÏ ÇáäÌÑÇä ÊÍæíáÉ
Natural Mashawi Charcoal,ÝÍã ãÔæí ØÈíÚí
Sugar And Flour,ÇáÓßÑ æÇáÏÞíÞ
Umm Aziz,Ãã ÚÒíÒ
Maaref Bookstore,ãßÊÈÉ ãÚÇÑÝ
Wahab Al-Khayer,æåÇÈ ÇáÎíÑ
Lamsa For Toys,áãÓÉ ááÃáÚÇÈ
Hamasat (Whisper),ÍãÇÓÇÊ (åãÓ)
Falafel Time,æÞÊ ÇáÝáÇÝá
Libanet KSA,áÈäÊ ÇáÓÚæÏíÉ
Future Toys,ÃáÚÇÈ ÇáãÓÊÞÈá
Balah Al-Sham,ÈáÇÍ ÇáÔÇã
Samboosa Al-Arabiyah,ÓãÈæÓÉ ÇáÚÑÈíÉ
Gardens,ÍÏÇÆÞ
Faham Joud,ÝåÇã ÌæÏ
Asseel House,ÈíÊ ÃÕíá
Roma World Optical,ÑæãÇ ææÑáÏ ááÈÕÑíÇÊ
Aqua Eyes Optical,ÃßæÇ ÂíÒ ÈÕÑíÉ
Alahli,ÇáÃåáí
Reem Broasted,Ñíã ÈÑæÓÊÏ
Sarikh Corner,Ñßä ÇáÕÑíÎ
Madina Centre,ãÑßÒ ÇáãÏíäÉ
Abeer Alaryaf,ÚÈíÑ ÇáÚÑÝ
Wallnut Forest,ÛÇÈÉ ÇáÌæÒ
Ballons Magic,ÇáÈÇáæäÇÊ ÇáÓÍÑíÉ
Sahil,Óåá
Neqsa Huluh,äÞÕÉ ÍáæÍ
Senta Lena,ÓíäÊÇ áíäÇ
Talal,ØáÇá
Garden Of Pastries,ÍÏíÞÉ ÇáãÚÌäÇÊ
Tawos Al-Janah Super Market,ÊÇææÓ ÇáÌäÇÍ ÓæÈÑ ãÇÑßÊ
Mohammad Dossary Hospital,ãÓÊÔÝì ãÍãÏ ÏæÓÑí
Bawaba Al-Tawfir,ÈæÈÇÁ ÇáÊæÝíÑ
Shawarma Ramy,ÔÇæÑãÇ ÑÇãí
Mudeef Restaurant,ãØÚã ÇáãÏíÝ
Ameer Pasta,ÈÇÓÊÇ ÃãíÑ
Consumer World (Dammam),ÚÇáã ÇáãÓÊåáß (ÇáÏãÇã)
Samlex,ÓÇãáíßÓ
Ardh Al-Tawfeer,ÃÑÖ ÇáÊæÝíÑ
Hokail Medical Laboratory,ãÎÊÈÑ ÇáÍÞíá ÇáØÈí
Zeenath Al-Buyoth,ÒíäÇÊ ÇáÈíæÊ
Swah Restaurant,ãØÚã ÓæÇÍ
Sambosa Al-Shef,ÓãÈæÓÉ ÇáÔíÝ
Almas Dental Lab,ãÎÊÈÑ ÇáãÇÓ áØÈ ÇáÃÓäÇä
Jawal Al-Jubail Telecom,ÌæÇá ÇáÌÈíá ááÅÊÕÇáÇÊ
Red Bunny,ÇáÃÑäÈ ÇáÃÍãÑ
Choco Spell,Ôæßæ ÓÈíá
Nada Rose,äÏì ÑæÒ
Orntal Pastries & Sweets,ÇáãÚÌäÇÊ æÇáÍáæíÇÊ ÇáãÒÎÑÝÉ
Janain Al-Wahaa Est.,ãÄÓÓÉ Ìäíä ÇáæÍÉ
Zaffranh,ÒÚÝÑÇäÉ
AM-PM Snacks,ÇáæÌÈÇÊ ÇáÎÝíÝÉ ÕÈÇÍÇ Åáì ãÓÇÁ
Shaikh International Group,ãÌãæÚÉ ÇáÔíÎ ÇáÏæáíÉ
Ghozn Allawz,ÛÒä ÚáæÒ
Sweet Thing,ÔíÁ Íáæ
Shawermaya,ÔÇæÑãÇíÇ
Green House Flowers,ÒåæÑ ÇáÈíÊ ÇáÃÎÖÑ
SGP,SGP
Lamar Restaurant,ãØÚã áãÇÑ
Afandim For Fresh Grill,ÃÝäÏíã ááÔæÇíÉ ÇáØÇÒÌÉ
Ajiyad,ÃÌíÇÏ
Golden Chicken Restaurant,ãØÚã ÌæáÏä ÊÔíßä
Talent Studio,ÇÓÊæÏíæ ÇáãæÇåÈ
Honey And More,ÇáÚÓá æÇáãÒíÏ
Surprise,ÝÇÌÃ
Ahla Bahla AL-Sham,Ãåáì ÈåáÉ ÇáÔÇã
Swear Restaurant,ãØÚã ÓæíÑ
Freij Aqaibin Restaurant,ãØÚã ÝÑíÌ ÚÞíÈíä
Noqaza Restaurant,ãØÚã äæÞÙÉ
Nawaem Dubai Abayat,äæÇÚã ÏÈí ÚÈíÇÊ
GTA,Ìí Êí Åíå
True of Saving,ÕÍíÍ Ýí ÇáÇÏÎÇÑ
Best,ÃÝÖá
Falafel NBA Al-Sham,ÝáÇÝá ÇáÏæÑí ÇáÇãíÑßí ááãÍÊÑÝíä ÇáÔÇã
Awamiya Modern Restaurant,ãØÚã ÇáÚæÇãíÉ ÇáÍÏíË
Car Wash,ÛÓíá ÇáÓíÇÑÇÊ
Rayhant Al-Sham Restaurant,ãØÚã ÑíÍÇä ÇáÔÇã
Moasisat Al-Fatr Al-Mahir,ãÔÇÑßÇÊ ÇáÝØÑ ÇáãåíÑ
Crown Pillows,æÓÇÆÏ ÇáÊÇÌ
Figs and Almonds,ÇáÊíä æÇááæÒ
Dar Al-Aqbar Restaurant,ãØÚã ÏÇÑ ÇáÃÞÕì
Mr. Gambary,ÇáÓíÏ ÛãÈÇÑí
Amri Coffee,ÞåæÉ ÚãÑí
Dalin Sweets and Coffee,ÍáæíÇÊ ÏÇáíä æÇáÞåæÉ
Tethkar Al-Sharq,ÊÇËÑ ÇáÔÑÞ
Iron Nutrition,ÊÛÐíÉ ÇáÍÏíÏ
Medmac Fastfood,ãíÏãÇß ááæÌÈÇÊ ÇáÓÑíÚÉ
Food Station,ãÍØÉ ØÚÇã
Baowabat Tabuk,ÈÇæÇÈÇÊ ÊÈæß
Camella,ßÇãíáÇ
Shat Al-Arab,ÔØ ÇáÚÑÈ
Salamatek Medical Center,ãÑßÒ ÓÇáÇãÇÊß ÇáØÈí
Press Land,ÇáÕÍÇÝÉ ÇáÃÑÖ
Hussain,ÍÓíä
Naeem Grills,ãÔÇæí äÚíã
Balad Mashuy,ÈáÏ ãÔæí
Gharib,ÛÑíÈ
Shula Al-Shamiyah,ÔÚáÉ ÇáÔÇãíÉ
Maratebb,ãÇÑÇÊÈ
My Signature,ÊæÞíÚí
Serat Al-Sham,ÓÑÊ ÇáÔÇã
Eiffel,ÇíÝá
Natural Product,ãäÊÌ ØÈíÚí
Sabeel Group,ãÌãæÚÉ ÓÈíá
Sufrah Restaurant,ãØÚã ÕÝÑÉ
Dawood,ÏÇæÏ
Crestal,ßÑíÓÊÇá
Sarah And Sirrah,ÓÇÑÉ æÓíÑÉ
Shahbas Yadgar,ÔåÈÇÓ íÇÏÛÇÑ
NASCO Global,äÇÓßæ ÌáæÈÇá
Ishteaq,ÇÔÊÇÞ
Ba Warith,ÈÇ æÇÑíË
Grillo,ÌÑíáæ
Pink Box,ÇáÕäÏæÞ ÇáæÑÏí
Abu Romana,ÃÈæ ÑãÇäÉ
Annapoorna Restaurant,ãØÚã ÃäÇÈæÑäÇ
Liberty,ÇáÍÑíå
4 Friends Restaurant,ãØÚã 4 ÝÑíäÏÒ
Syl Sayed,Óíá ÓíÏ
Alam Sahari Trading,ÚÇáã ÓÍÇÑí ááÊÌÇÑÉ
Fanar Coffee,ÞåæÉ ÇáÝäÇÑ
We Wash,äÍä äÛÓá
Sun City,Õä ÓíÊí
Elegant Wave Trading Est.,ãÄÓÓÉ ÇáãæÌÇÊ ÇáÃäíÞÉ ááÊÌÇÑÉ
Shams Al-Madina,ÔãÓ ÇáãÏíäÉ ÇáãäæÑÉ
Basta Al-Tawfir,ÈÓØÇ ÇáÊæÝíÑ
Ali Saad Al-Horaizi Trad. Est.,Úáí ÓÚÏ ÇáÍÑíÒí ØÑÇÏ. ãÄÓÓå.
Shehri Shops,ãÍáÇÊ ÔåÑí
Asar Al-Bukhary Restaurant,ãØÚã ÚÕÑ ÇáÈÎÇÑí
Nabeel Al-Awadhi,äÈíá ÇáÚæÖí
Asar Al-Hadeth Restaurant,ãØÚã ÚÕÑ ÇáÍÏíË
Shamel Saving,ÇáÔÇãá ááÊæÝíÑ
Taba Gardens Restaurant,ãØÚã ØÇÈÇ ÌÇÑÏäÒ
Dalia Fertilizer,ÏÇáíÉ ÓãÇÏ
Mezbaan Darbar Restaurant,ãØÚã ãÒÈÇä ÏÑÈÇÑ
Amiantek,ÃãíÇäÊíß
Diwaniya,ÇáÏíæÇäíÉ
Oriental Palace,ÇáÞÕÑ ÇáÔÑÞí
Turkish Mazaya Pastry,ãÚÌäÇÊ ãÒÇíÇ ÇáÊÑßíÉ
Shubra,ÔÈÑÇ
Show Piece Grill,ÚÑÖ ÞØÚÉ ÇáÔæÇíÉ
House Ware,ÃÏæÇÊ ãäÒáíÉ
Mashtan Cafï¿½teria,ãÔÊÇä ßÇÝíå¿1/2 ÊíÑíÇ
Jar Alqamar,ÌÇÑ ÇáÞãÑ
Chef Al-Hadramy,ÇáÔíÝ ÇáÍÖÑãí
Sameeh Pastry and Restaurant,ÓãíÍ ááÍáæíÇÊ æÇáãØÚã
Saudi Railways Organization,ÇáåíÆÉ ÇáÚÇãÉ ááÓßß ÇáÍÏíÏíÉ
Sahra Charcoal,ÝÍã ÕÍÑÇÁ
Muslim Bori Nursery,ÍÖÇäÉ ãÓáã ÈæÑí
Fouad Ali Bin Moh. Alhmla Est.,ÝÄÇÏ Úáí Èä ãæÍ. ãÄÓÓÉ ÇáÍãáÇ
Blue Bird,Èáæ ÈíÑÏ
Shahad Al-Zafran Roasty,ÔåÏ ÇáÒÚÝÑÇä ÑæÓÊí
Dana Al-Maarif,ÏÇäÉ ÇáãÚÇÑÝ
Sallati,ÓáÇÊí
Emmawash Restaurant,ãØÚã Emmawash
Ramisis Kennel,ÈíÊ ÑÇãíÓíÓ
Alkyaf Nuts,ÇáãßÓÑÇÊ ÇáÃáßÇÝ
Lena Mart,áíäÇ ãÇÑÊ
The Farm,ÇáãÒÑÚÉ
Sugar,ÓßÑ
Sun City For Nuts,Õä ÓíÊí ááãßÓÑÇÊ
Faraby Medical Center,ãÑßÒ ÝÇÑÇÈí ÇáØÈí
Turath AL-Sharq,ÊÑÇË ÇáÔÑÞ
Phoenex Charcoal,ÝÍã ÝíäíßÓ
Gwazween Trading Est.,ãÄÓÓÉ ÛæÒæíä ááÊÌÇÑÉ
PM,ÑÆíÓ ÇáæÒÑÇÁ
Mento,ãíäÊæ
Hometale,ÍßÇíÉ ãäÒáíÉ
Hassan Hassan Al-Dahan,ÍÓä ÍÓä ÇáÏåÇä
Ehraz Advertizing Agency,æßÇáÉ ÅÍÑÇÒ ááÅÚáÇä
Strawberry Corner,Ñßä ÇáÝÑÇæáÉ
Khamis Uniforms,Òí ÎãíÓ
Bashair Gifts,åÏÇíÇ ÈÔíÑ
Gourmandise Burger,ÌæÑãÇäÏíÒ ÈÑÌÑ
Choco Crepe,ßÑíÈ Ôæßæ
Alam Al-Kaeef,ÚÇáã ÇáßíÝ
Wasan Sweet,æÓÇä ÓæíÊ
Prestige Image,ÕæÑÉ ÈÑÓÊíÌ
Prime Muscles,ÇáÚÖáÇÊ ÇáÑÆíÓíÉ
Lab Coat Uniform,ãÚØÝ ÇáãÎÊÈÑ ÇáÒí ÇáÑÓãí
Nukhbt Al Ghand,äÎÈÉ ÇáÛäÏ
AGH Warehouse,ãÓÊæÏÚ AGH
Dally Molodk,ÏÇáí ãæáæÏß
Kaku,ßÇßæ
Dior Perfumes And Cosmetics,ÏíæÑ ááÚØæÑ æãÓÊÍÖÑÇÊ ÇáÊÌãíá
Reef Al Sukar,ÑíÝ ÇáÓßÑ
Mokhtar Pastry,ãÚÌäÇÊ ÇáãÎÊÇÑ
Samah Mills,ãØÇÍä ÓãÇÍ
Hikayath Taami,ÍßÇíÇÊ ÊÇãí
Kaltat Al Doctora,ßáÊÇÊ ÇáÏßÊæÑÉ
Madukoth Al Yemen,ãÏæßæË Çáíãä
Heritage Village,ÞÑíÉ ÇáÊÑÇË
Addoha,ÃÏæåÇ
Hazzaz Al-Khobar,åÒÇÒ ÇáÎÈÑ
Ajar Al-Tanoor,ÃÌÇÑ ÇáÊäæÑ
Nozha,ÇáäÒåÉ
La Paniï¿½re,áÇ ÈÇäí¿1/2
Mosaba,ãæÓÇÈÉ
Lulu Sharqiya,áæáæ ÇáÔÑÞíÉ
Safat Restaurant,ãØÚã ÇáÕÝÇÉ
Baabek,ÈÚÈß
Home Corner Furneture,Ñßä ÇáãäÒá Furneture
Mawani,ãæÇäí
Istanbul House Restaurant,ãØÚã ÇÓØäÈæá åÇæÓ
Fresh Meat,ÇááÍæã ÇáØÇÒÌÉ
Nada Perfume,ÚØÑ äÏì
Faraby Pharmacy,ÕíÏáíÉ ÝÇÑÈí
Amazing World,ÚÇáã ãÐåá
Mosabah,ãÕÈÍ
La Pasta,áÇ ÈÇÓÊÇ
Mouwasat Hospital,ãÓÊÔÝì ÇáãæÇÓÇÉ
Janah Sweets,ÍáæíÇÊ ÌäÉ
Fator Shamy,ÝÇÊæÑ ÔÇãí
Dar As Sihha Medical Center,ãÑßÒ ÏÇÑ ÇáÓÍÉ ÇáØÈí
Majed,ãÇÌÏ
Maundry,ãÇæäÏÑí
Bait Al-Baranda,ÈíÊ ÇáÈÑäÏÉ
Noahs Ark,ÓÝíäÉ äæÍ
Istanbul House Restaurant 2,ãØÚã ÇÓØäÈæá åÇæÓ 2
Fatosh,ÝÊæÔ
Blue Sky,ÇáÓãÇÁ ÇáÒÑÞÇÁ
Rice And Saffron,ÃÑÒ æ ÒÚÝÑÇä
Matam Baith Al-Manasaf,ãÊÇã ÈíË ÇáãäÇÓÝ
AS,ãËá
Lamaa Carwash,áãÇÁ áÛÓíá ÇáÓíÇÑÇÊ
Perfect Body,ÌÓã ãËÇáí
Marja Juices,ÚÕÇÆÑ ãÇÑÌÇ
Gï¿½lhane,Gï?1/2lhane
Hunger Moments,áÍÙÇÊ ÇáÌæÚ
Bait AL-Mansaf,ÈíÊ ÇáãäÕÇÝ
World Wrap,ÇáÊÝÇÝ ÇáÚÇáã
Sultanh,ÓáØÇäÉ
Bakhat Perfume,ÚØÑ ÈÎÇÊ
Tempo Shawarma,ÊãÈæ ÔÇæÑãÇ
Eagle,äÓÑ
Mamas Curry Powder,ãÇãÇÒ ãÓÍæÞ ßÇÑí
Black Walnut Charcoal,ÝÍã ÇáÌæÒ ÇáÃÓæÏ
Consumer World (Hassa),ÚÇáã ÇáãÓÊåáß (ÇáÃÍÕÇÁ)
My Vintage Home,ãäÒáí ÇáÞÏíã
Loulia Cafï¿½,áæáíÇ ßÇÝí¿1/2
Mashwa AlBalad,ãÔæÇ ÇáÈáÏ
Secret,ÓÑ
Malaz Bookstore,ãßÊÈÉ ÇáãáÒ
Sharq Al-Madina,ÔÑÞ ÇáãÏíäÉ ÇáãäæÑÉ
Ousha,ÚæÔÉ
Sandwicher,ÓÇäÏæíÔÑ
Bayt Bukhari,ÈíÊ ÈÎÇÑí
Fashion Salem,ÃÒíÇÁ ÓÇáã
Aroos Qatif,ÚÑæÓ ÞØíÝ
Abu Al-Saud For Cloth,ÃÈæ ÇáÓÚæÏ ááÞãÇÔ
Shawerma X,ÔÇæÑãÇ X
Kimalah,ßíãÇáÇ
Azel,ÃÒíá
Nawaf,äæÇÝ
Spices Fresh,ÈåÇÑÇÊ ØÇÒÌÉ
Feiruz Al-Sharq,ÝíÑæÒ ÇáÔÑÞ
Office,ãßÊÈ
Shahat Al-Nahal,ÔÍÇÊ ÇáäÍÇá
Vins,ÝíäÒ
Sad Mareb,ãÃÑÈ ÇáÍÒíä
Turath,ÊÑÇË
Twareat Medical Centre,ãÑßÒ ÊæÑíÇÊ ÇáØÈí
The Cuts,ÇáÊÎÝíÖÇÊ
Rodat Al-Khobar,ÑæÏÇÊ ÇáÎÈÑ
Waraq Enab Station,ãÍØÉ æÑÇÞ ÚäÈ
Creepe Roll,áÝÉ ÇáÒÇÍÝ
Sharq Restaurant,ãØÚã ÔÑÞ
Thahab Al-Jazeera,ÐåÈ ÇáÌÒíÑÉ
Ward Al-Reda Restaurant,ãØÚã æÑÏ ÇáÑÖÇ
Marka Musajala,ãÇÑßÇ ãÓÇÌÇáÉ
Shahed Sweets,ÍáæíÇÊ ÔÇåÏ
Morooj,ãÑæÌ
Coffee Time,æÞÊ ÇáÞåæÉ
Supplement Store,ãÊÌÑ ÇáãßãáÇÊ ÇáÛÐÇÆíÉ
Dar Rawi,ÏÇÑ ÑÇæí
Creative United Company,ÔÑßÉ ÇáÅÈÏÇÚ ÇáãÊÍÏÉ
Tmor Mwasim Zasim,ÊãæÑ ãæÇÓíã ÒÇÓã
Alumena,ÇáÎÑíÌ
Siwan,ÓíæÇä
Raey Broasted,ÑÇí ÈÑæÓÊ
Karama,ßÑÇãÉ
Lechef Sweets,ÍáæíÇÊ áíÔíÝ
Sea Food,ãÃßæáÇÊ ÈÍÑíÉ
Shemadan,ÔíãÇÏÇä
Alroosy,ÇáÑæÓí
Green Shopping Center,ãÑßÒ ÊÓæÞ ÌÑíä
Qimat Al-Halwayath,ÞãÇÊ ÇáÍáæíÇË
Skin Care Center,ãÑßÒ ÇáÚäÇíÉ ÈÇáÈÔÑÉ
Arif Trading For Skin Care Co.,ÔÑßÉ ÚÇÑÝ ááÊÌÇÑÉ ááÚäÇíÉ ÈÇáÈÔÑÉ
Rayed Al-Naseej,ÑÇÆÏ ÇáäÓíÌ
Khusheim Corporation,ÔÑßÉ ÎæÔíã
Weekend,äåÇíÉ ÇáÃÓÈæÚ
Kacmazlar,ßÇÊÔÇÒáÇÑ
Khair Zad,ÎíÑ ÒÇÏ
PSMMC,Èí ÅÓ Åã Åã Óí
Kabsah Art,Ýä ÇáßÈÓÉ
Dubai For Saving,ÏÈí ááÊæÝíÑ
Jazirah Pharmacy,ÕíÏáíÉ ÇáÌÒíÑÉ
Fan Kabsah,ÝÇä ßÈÓÉ
Online SuperMarket,ÓæÈÑ ãÇÑßÊ Úáì ÇáÅäÊÑäÊ
WAW,æÇæ
Nabeel Perfume,ÚØÑ äÈíá
Jamea Trad Est,ãÄÓÓÉ ÌÇãÚ ØÑÇÏ
Salt Sweet,ãáÍ Íáæ
Velvet Rose,ãÎãá ÑæÒ
Green Apple,ÊÝÇÍ ÃÎÖÑ
Atarah Wa Akthar,ÚØÇÑÉ æÃßËÇÑ
Zaman Al-Barakh,ÒãÇä ÇáÈÑÇÎ
Aces,ÇÓÇÊ
Khabbaz For Shoes,ÎÈÇÒ ááÃÍÐíÉ
Simple Solutions,Íáæá ÈÓíØÉ
Trenjh,ÊÑíäÌ
King Fahad Specialist Hospital,ãÓÊÔÝì Çáãáß ÝåÏ ÇáÊÎÕÕí
Marof,ãÑæÝ
FRNAG,ÝÑäÇÌ
ASDCO,ÃÓÏßæ
Jupiter,ãÔÊÑí
Butterfly,ÝÑÇÔÉ
Dukhan Store,ãÊÌÑ ÏÎÇä
Grill and More,ÔæÇíÉ æÇáãÒíÏ
Etihad Specialized,ÇáÇÊÍÇÏ ááØíÑÇä ÇáÊÎÕÕíÉ
Shawarma Saad,ÔÇæÑãÇ ÓÚÏ
Sultan Bakeries and Sweets,ãÎÇÈÒ æÍáæíÇÊ ÓáØÇä
Abqaiq Islamic Center,ãÑßÒ ÈÞíÞ ÇáÅÓáÇãí
Prime Food Products,ÈÑÇíã ááãäÊÌÇÊ ÇáÛÐÇÆíÉ
Kisa Dress,ÝÓÊÇä ßíÓÇ
Baladiya Ein Dar,ÈáÏíÉ Úíä ÏÇÑ
Sara International Factory,ãÕäÚ ÓÇÑÉ ÇáÏæáí
Najeem,äÌíã
Tilal Alamal Trading Est.,ãÄÓÓÉ ÊáÇá ÇáÃãá ÇáÊÌÇÑíÉ
Mashwee Ya Akhtar,ãÔæí íÇ ÃÎÊÑ
Mr. PC,ÇáÓíÏ PC
Enet,ÅíäÊ
Kwatim Al-Khaleej Restaurant,ãØÚã ßæÇÊíã ÇáÎáíÌ
Aseel,ÃÕíá
Juice Plus,ÌæÓ ÈáÓ
Relam,ÑíáÇã
Shahery Sweets Center,ãÑßÒ ÍáæíÇÊ ÇáÔåÑí
Grillo Butcher,ÌÑíáæ ÈæÊÔÑ
Nahawand Al-Sharq Restaurant,ãØÚã äåÇæäÏ ÇáÔÑÞ
The Low Fat,Þáíá ÇáÏÓã
Dubai For Saving (Jubail),ÏÈí ááÇÏÎÇÑ (ÇáÌÈíá)
Cabalen Supermarket,Cabalen ÓæÈÑ ãÇÑßÊ
Fresh House,ÝÑíÔ åÇæÓ
Bu Khamseen,Èæ ÎãÓíä
Sufra Fast Food,ÓÝÑÉ ááæÌÈÇÊ ÇáÓÑíÚÉ
Discount Twenty,ÎÕã ÚÔÑæä
Vape World,ÚÇáã ÇáÓÌÇÆÑ ÇáÅáßÊÑæäíÉ
Jeefinshee,ÌíÝíäÔí
Faris,ÝÇÑÓ
Jaafar,ÌÚÝÑ
Dana Pharmacy,ÕíÏáíÉ ÏÇäÉ
Secret Smile,ÇÈÊÓÇãÉ ÓÑíÉ
Jood Roastery,ÌæÏ ãÍãÕÉ
Rosto Steak and Burger,ÑæÓÊæ ÓÊíß ÇäÏ ÈÑÌÑ
Matahin AL-Maha,ãØÍíä ÇáãåÇ
Frutella,ÝÑæÊíáÇ
Modern Steel Factory,ãÕäÚ ÇáÕáÈ ÇáÍÏíË
Majurin,ãÇÌæÑíä
Meal House,ãíßá åÇæÓ
Maglopa Express,ãÇÌáæÈÇ ÅßÓÈÑíÓ
Habra Restaurant,ãØÚã ÍÈÑÇ
Rooster,Ïíß
Aker Sweets,ÍáæíÇÊ ÂßÑ
Great Area Discount,ÎÕã ãÓÇÍÉ ßÈíÑÉ
Shater Hassan,ÔÇØÑ ÍÓä
Rose Flower,ÒåÑÉ ÇáæÑÏ
Enabji,ÅäÇÈÌí
Family Choice (FC),ÇÎÊíÇÑ ÇáÚÇÆáÉ (FC)
Choco Cafï¿½,Ôæßæ ßÇÝí¿1/2
Flavor,äßåå
Bahar Al-Athoor,ÈÍÑ ÇáÂËæÑ
QassQouss Bakery and Sweets,ãÎÈÒ æÞÞÓ æÇáÍáæíÇÊ
Asawer Sweet,ÃÓÇæÑ ÓæíÊ
Bombai Ryani,ÈæãÈÇí ÑíÇäí
Extreme Carwash,ÛÓíá ÇáÓíÇÑÇÊ ÇáÔÏíÏ
Majibos Restaurant,ãØÚã ãÇÌíÈæÓ
Leo Mobile Phone Shop,ãÊÌÑ áíæ ááåæÇÊÝ ÇáãÍãæáÉ
Sweet Dama Rose,ÓæíÊ ÏÇãÇ ÑæÒ
Coral Jubail Hotel,ÝäÏÞ ßæÑÇá ÇáÌÈíá
Passion Fruit,ÝÇßåÉ ÇáÚÇØÝÉ
Global Insignia for Technical Services,ÔÇÑÉ ÚÇáãíÉ ááÎÏãÇÊ ÇáÝäíÉ
Mandy Al-Reef,ãÇäÏí ÇáÑíÝ
Dr. AlNaamy Specialist Hospital (ASH),ãÓÊÔÝì ÇáÏßÊæÑ ÇáäÚÇãí ÇáÊÎÕÕí (ASH)
First Choice,ÇáÎíÇÑ ÇáÃæá
Tarteel Perfumes,ÚØæÑ ÊÇÑÊíá
Pinoy Supermarket,Pinoy ÓæÈÑ ãÇÑßÊ
Falafel,ÝáÇÝá
Muallem Falafel,ÇáãÚáã ÝáÇÝá
Madlouh,ãÏáæÍ
Rayhan,ÑíÍÇä
Mayada Restaurant,ãØÚã Mayada
Golden Leaf,ÇáæÑÞÉ ÇáÐåÈíÉ
The Egyptian World Foods,ÐÇ ãíÌíÌí ææÑáÏ ÝæÏÒ
The Grill Hut,ÐÇ ÌÑíá åÊ
Raed Telecom,ÑÇÆÏ ááÅÊÕÇáÇÊ
Shabi Restaurant,ãØÚã ÔÇÈí
Modhesh,ãÏåÔ
Kabsah Hasawiah,ßÈÓÉ ÍÓÇæíÉ
Faraby,ÝÇÑÈí
Flower Store,ãÍá ÇáÒåæÑ
Mandi Express,ãÇäÏí ÇßÓÈÑíÓ
Flower Foam Car Care,ÒåÑÉ ÑÛæÉ ÇáÚäÇíÉ ÈÇáÓíÇÑÇÊ
Saudi German Hospital,ÇáãÓÊÔÝì ÇáÓÚæÏí ÇáÃáãÇäí
Brite Laundry,ÛÓíá ÈÑÇíÊ
Zainuddin,Òíä ÇáÏíä
Milh wa Qablah,ãÇáÍ æÞÈáÉ
Reef Janob,ÑíÝ ÌÇäæÈ
Bariqah Shariqa,ÈÇÑÞÉ ÔÇÑÞÉ
Covers,íÛØí
Sufrah Taam,ÕÝÑÉ ÊÇã
Naklah,äßáÉ
Layan Place,áíÇä ÈáíÓ
Fish Bags,ÃßíÇÓ ÇáÓãß
Spical Bakery,ãÎÈÒ Spical
Warid,æÇÑÏ
Vitamin Palace,ÞÕÑ ÝíÊÇãíä
Kasra Khoboz,ßÓÑì ÎÈæÒ
Bubbles,ÇáÝÞÇÞíÚ
Spicy Fried,ÓÈÇíÓí ÝÑÇíÏ
Scale,ãöíÒóÇä
AlSafron,ÇáÕÝÑæä
Alshasha phone,åÇÊÝ ÇáÔÇÔÉ
Raneem Phone,åÇÊÝ Ñäíã
Kibdah Hijazi,ßÈÏÉ ÍÌÇÒí
Masoob,ãÚÕæÈ
Mohammed Mabyoq,ãÍãÏ ãÈíæÞ
Melt Chocolate,ÊÐæÈ ÇáÔæßæáÇÊÉ
Taam Coffee,ÞåæÉ ÊÇã
Makan Store,ãÊÌÑ ãßÇä
Zero Three Resturant,ãØÚã ÒíÑæ ËÑí
Shateraty,ÔÇØÑÇÊí
Brother Taest,ÇáÃÎ ÊÇÓÊ
Fanar Medical Center,ãÑßÒ ÇáÝäÇÑ ÇáØÈí
Nathree Resturant,ãØÚã äÇËÑí
Layali Keef,áíÇáí ßíÝ
Shakir Restrant,ÔÇßÑ ÑíÓÊÑÇäÊ
Arzaq Online,ÃÑÒÇÞ Ãæä áÇíä
Locast Oil,ÒíÊ áæßÇÓÊ
Romoz Phone,åÇÊÝ Romoz
Sharq Wool Factory,ãÕäÚ ÔÑÞ ááÕæÝ
Lavender,ÇááÇÝäÏÑ
T-shirt bag,ÍÞíÈÉ Êí ÔíÑÊ
Pre-Choice,ÇáÇÎÊíÇÑ ÇáãÓÈÞ
Hot and Spicy,ÍÇÑ æÍÇÑ
Falafel In and Out,ÝáÇÝá ÏÇÎá æÎÇÑÌ
Almaedah,ÇáãÇÆÏÉ
Burger Nook,ÈÑÌÑ äæß
Khayal Bookstore,ãßÊÈÉ ÎíÇá
Baba Hammad,ÈÇÈÇ ÍãÇÏ
Clean Car,ÓíÇÑÉ äÙíÝÉ
Wadi Maysan,æÇÏí ãíÓÇä
Naqsa Holo Malih,äÞÕÇ Íáæ ãáíÍ
Rose Avenu,ÑæÒ ÃÝíäæ
Tag Resturant,ãØÚã ÇáÚáÇãÉ
Victoria,ÝíßÊæÑíÇ
Sama Bahrain,ÓãÇ ÇáÈÍÑíä
Arzaq,ÃÑÒÇÞ
Vaporz Lounge,ÝÇÈÑæÒ áÇæäÌ
Turath Al-Hadramy Resturant,ãØÚã ÊÑÇË ÇáÍÖÑãí
Falafe Demashq,ÝáÇÝí ÏãÔÞ
Jalsat Dar,ÌáÓÇÊ ÏÇÑ
Beano Bake House,Èíäæ Èíß åÇæÓ
Mazaya Car Wash,ãÒÇíÇ ÛÓíá ÇáÓíÇÑÇÊ
Dragon Vilage,ÇáÊäíä ÝíáÇÌ
Florate,ÝáæÑÇÊ
Bahrain plain,Óåá ÇáÈÍÑíä
Mawalstar Restaurant,ãØÚã ãæÇáÓÊÇÑ
Daliya Perfume,ÚØÑ ÇáÏÇáíÇ
mashawi Hamawyah,ãÔæí ÍãÇæíÉ
Hermony Resurant,åíÑãæäí ÑíÓæÑÇäÊ
Stanford Medical,ÓÊÇäÝæÑÏ ÇáØÈíÉ
Mr.Sandwich (Bahrain),ãÓÊÑ ÓÇäÏæíÊÔ (ÇáÈÍÑíä)
Signature Factory,ãÕäÚ ÓíÌäÊÔÑ
Classy Gallery,ãÚÑÖ ÃäíÞ
Juice Factory,ãÕäÚ ÇáÚÕÇÆÑ
Mulhim Plas,ãæáíã ÈáÇÓ
Kharob Bashs,ÎÑæÈ ÈÇÔÓ
Nafza Lak,äÝÒÉ áÇß
Samer Al-Ali Trading Est.,ãÄÓÓÉ ÓÇãÑ ÇáÚáí ÇáÊÌÇÑíÉ
Nahar Dijla,äåÇÑ ÏÌáÉ
Salman Sweets,ÍáæíÇÊ ÓáãÇä
Pista,ÈíÓÊÇ
Jumla Online,ÌãáÉ Ãæä áÇíä
Sarah Sweet,ÓÇÑÉ ÓæíÊ
Suhail Carwash,Óåíá áÛÓíá ÇáÓíÇÑÇÊ
Waseem Restaurant,ãØÚã æÓíã
Jubail,ÇáÌÈíá
Sweet Juice,ÚÕíÑ Íáæ
House Of Supllements,ÈíÊ ÇáÓæÈáíãäÊÓ
Dr. Drink,ÏßÊæÑ ÏÑíäß
Dukkan Laila,ÏßÇä áíáì
MHD Adhuhan,MHD Adhuhan
Dolma,ÏæáãÇ
Reef Carwash,ÑíÝ ßÇÑæÇÔ
Mona Bahrain,ãäì ÇáÈÍÑíä
Abaya Bushiah,ÚÈÇíÉ ÈæÔíÉ
ZM,ZM
Sweet Home,ÓæíÊ åæã
Dubai Discount Palace (Dammam),ÞÕÑ ÏÈí ÏíÓßæäÊ (ÇáÏãÇã)
Amasina Trading Corporation,ÔÑßÉ ÃãÇÓíäÇ ÇáÊÌÇÑíÉ
You Me,ÃäÊ ÃäÇ
Karaca Home,ßÇÑÇÌÇ åæã
Rasasi,ÇáÑÕÇÕí
Family Sweets,ÍáæíÇÊ ÚÇÆáíÉ
Lozo,áæÒæ
Golden Chicken,ÏÌÇÌ ÐåÈí
Dessert Hub Trading,ÍáæíÇÊ åÈ ááÊÌÇÑÉ
Smile Candy,ÇÈÊÓÇãÉ ßÇäÏí
Healthy Style,ÃÓáæÈ ÕÍí
Markaz Riyadh (RMN),ãÑßÒ ÇáÑíÇÖ (RMN)
Harmony Food,åÇÑãæäí ÝæÏ
Mesob Engineering,åäÏÓÉ ãíÓæÈ
Moamal Pharmacy,ÕíÏáíÉ ãÄãá
Zainab Muabber,ÒíäÈ ãÚÈÑ
Nessma Corner Trading,Ñßä äÓãÉ ááÊÌÇÑÉ
Nawal Coldstore,äæÇá ßæáÏÓÊæÑ
Thouq,ËæÞ
Lahza Restaurant,ãØÚã áÍÙÉ
Smoke House,ÈíÊ ÇáÏÎÇä
Platinum,ÈáÇÊíä
Bent Al-Nor,ÈäÊ ÇáäæÑ
Hatam,ÍÇÊã
Mowasir Center,ãÑßÒ ÇáæÇÓÑ
Rocon Trading,Ñæßæä ááÊÌÇÑÉ
Ghanam Va Ghanam,ÛäÇã ÝÇ ÛäÇã
Smart Application,ÊØÈíÞ Ðßí
Life Laundry,ÛÓíá ÇáÍíÇÉ
Watco,æÇÊßæ
Violeta,ÝíæáíÊÇ
Saffron House,ÈíÊ ÇáÒÚÝÑÇä
Banana Band,ÝÑÞÉ ÇáãæÒ
Malhamath Fares,ãÇáåÇãÇË ÝÇÑÓ
Pawn Coffee,ÞåæÉ ÈíÏÞ
Mesk Health Pharmacy,ÕíÏáíÉ ãÓß ÇáÕÍíÉ
Oxygen,ÃßÓÌíä
Mulhim Auto,ãæáåíã ÃæÊæ
Gasal Restaurant (Red),ãØÚã ÌÓÇá (ÃÍãÑ)
Gazzal Restaurant (Green),ãØÚã ÛÒÇá (ÃÎÖÑ)
Hussain Kitchen,ãØÈÎ ÍÓíä
Fateratak,ÝØÑÇÊß
Malak For Birds,ãáß ááØíæÑ
Andalus For Make-up,ÇáÃäÏáÓ ááãßíÇÌ
Matnokh,ãÊäæÎ
Kadehm,ßÇÙã
Salim,ÓÇáã
Day And Night Supermarket,ÓæÈÑ ãÇÑßÊ áíáÇ æäåÇÑÇ
Bait Al Shamel,ÈíÊ ÇáÔÇãá
Ctrl P,Ctrl P
Barakat Supermarket,ÈÑßÇÊ ÓæÈÑ ãÇÑßÊ
Khaleeji Restaurant,ãØÚã ÇáÎáíÌí
Technology Bakeries,ãÎÇÈÒ ÇáÊßäæáæÌíÇ
Family Imprint Discounts,ÎÕæãÇÊ ÇáÈÕãÉ ÇáÚÇÆáíÉ
Silat Al-Tawfeer,ÓíáÉ ÇáÊæÝíÑ
Nukbah,ÇáäßÈÉ
Rawnaq Medical Center,ãÑßÒ ÑæäÞ ÇáØÈí
Sushi Gallery,ãÚÑÖ ÇáÓæÔí
Moltea Cookies,ÈÓßæíÊ ãæáÊíÇ
Nadeen Fashion,ÃÒíÇÁ äÇÏíä
Family And Friends,ÇáÚÇÆáÉ æÇáÃÕÏÞÇÁ
La Vallee,áÇ ÝÇáí
Barakat Malabis,ÈÑßÇÊ ãáÇÈÓ
Specialist Juice,ÚÕíÑ ãÊÎÕÕ
Noon,ÇáÙåíÑÉ
International Colors,ÃáæÇä ÚÇáãíÉ
Tahifah,ÇáØåíÝÉ
Sobya King,ÓæÈíÇ ßíäÌ
East Sweets,ÍáæíÇÊ ÇáÔÑÞ
Manarat Al-Nader Medical Pharmacy,ÕíÏáíÉ ãäÇÑÉ ÇáäÇÏÑ ÇáØÈíÉ
Amana Al Sharkiah,ÃãÇäÉ ÇáÔÑßíÉ
Lord Charcoal,ÇááæÑÏ ÝÍã
Shake Sushi,Ôíß ÓæÔí
Ghadah Exchange,ÛÇÏÉ ááÕÑÇÝÉ
Millennialeer,Ìíá ÇáÃáÝíÉ
Fursan Al-Fakhama,ÝÑÓÇä ÇáÝÎãÉ
Star Sweet,ÓÊÇÑ ÓæíÊ
Nawals Kitchen,ãØÈÎ äæÇáÓ
Bogsha Visitor,ÒÇÆÑ ÈæÛÔÇ
Bader Style,ÃÓáæÈ ÈÏÑ
Vape City,ãÏíäÉ ÝíÈ
Khyrat,ÎíÑÇÊ
Fish Basket,ÓáÉ ÇáÓãß
Wahat Al-Quds Pharmacy,ÕíÏáíÉ æÇÍÉ ÇáÞÏÓ
OFFSIDE,ÊÓáá
Nakhat Broasted,äÎÊ ÈÑæÓÊÏ
Abduljaleel Al-Musabeh Nuts,ÚÈÏÇáÌáíá ÇáãÕÈÍ ãßÓÑÇÊ
Chinese,ÇáÕíäíÉ
Enabi Grill Restaurant,ãØÚã ÚäÇÈí ÌÑíá
East Lights,ÇáÃÖæÇÁ ÇáÔÑÞíÉ
Shear Tawfir,ÇáÞÕ ÇáÊæÝíÑ
Kaaf Humanitarian,ßÇÝ ááÎÏãÇÊ ÇáÅäÓÇäíÉ
Sharq Al Wadi Trading Establishment,ãÄÓÓÉ ÔÑÞ ÇáæÇÏí ÇáÊÌÇÑíÉ
Sikkat Karak,ÓßÇÊ ßÑß
Operation and Maintenance Management in Taif,ÅÏÇÑÉ ÇáÊÔÛíá æÇáÕíÇäÉ Ýí ÇáØÇÆÝ
SAF,SAF
ITS,ÇáÂíÇÊ
X-Ray,ÇáÃÔÚÉ ÇáÓíäíÉ
Dukhan Falafel,ÏÎÇä ÝáÇÝá
Book Sweet Book,Book Sweet Book
SOL,Óæá
Grape Leaves And More,æÑÞ ÇáÚäÈ æÇáãÒíÏ
Zankil,Òäßíá
Dawood Al Najar,ÏÇææÏ ÇáäÌÇÑ
Hala Majles,ãÌáÓ åáÇ
Ear Techno,Êßäæ ÇáÃÐä
Ayam Zaman,ÃíÇã ÒãÇä
Candy Shop,ãÊÌÑ ÇáÍáæì
Top Shoes,ÊæÈ ÔæÒ
Egyptian Bread,ÎÈÒ ãÕÑí
AM Al-Khalifa,ÚÈÏ ÇááØíÝ Âá ÎáíÝÉ
White Line,ÇáÎØ ÇáÃÈíÖ
Care Line Pharmacy,ÕíÏáíÉ ßíÑ áÇíä
ABA,ÇÈÇ
Magic Clean,ãÇÌíß ßáíä
Otto Care,ÃæÊæ ßíÑ
Nana Jiuce,äÇäÇ ÌíæÓí
Avon Cafï¿½,Avon Cafey?1/2
Color of Life,áæä ÇáÍíÇÉ
Dr. Health,ÏßÊæÑ åíáË
Best Touch Car Wash,ÃÝÖá ÛÓíá ÓíÇÑÇÊ íÚãá ÈÇááãÓ
Tile Clips,ãÞÇØÚ ÇáÈáÇØ
Red Wings,ÃÌäÍÉ ÍãÑÇÁ
Charity Neighborhood Pharmacy,ÕíÏáíÉ ÇáÍí ÇáÎíÑí
Baba,ÈÇÈÇ
Gardenias Hokail,ÌÇÑÏíäíÇÓ åæßíá
Arif,ÚÇÑÝ
Swedan,ÇáÓæíÏ
Le Lieu,áæ áíæ
Elikee,Åáíßí
Wedge,ÇÓÝíä
Adjustable Pliers,ßãÇÔÉ ÞÇÈáÉ ááÊÚÏíá
Milma,ãíáãÇ
Fuel Juice,ÚÕíÑ ÇáæÞæÏ
Naemi,ÇáäÚíãí
Boshiah and Sala,ÈæÔíÇ æÓÇáÇ
Williams And Tobacco,æíáíÇãÒ æÇáÊÈÛ
Big Best,ÈíÌ ÈíÓÊ
Bazuriyah,ÇáÒæÑíÉ
Yummy Cookies,ãáÝÇÊ ÊÚÑíÝ ÇáÇÑÊÈÇØ ÇááÐíÐÉ
Rashaqa Market,ÓæÞ ÑÔÞÉ
Nahj Al Qalam Stationary Library,ãßÊÈÉ äåÌ ÇáÞáã ÇáÞÑØÇÓíÉ
Mohamiz Coffee,ÞåæÉ ãÍãÏÒ
Beverly Dunots,ÈíÝÑáí ÏæäæÊÓ
Diamond Grills,ÇáãÔÇæí ÇáãÇÓíÉ
AHK,AHK
Faham Noor,ÝåÇã äæÑ
Venus Cafï¿½,ÝíäæÓ ßÇÝí¿1/2
Marsa AlBalad,ãÑÓì ÇáÈáÏ
Jinan Sweet,ÌíäÇä ÓæíÊ
Nabisaleh,äÈíÕÇáÍ
Perfect Level Master,ãÓÊæì ãËÇáí
Markas Al-Arif,ãÇÑßÇÓ ÇáÚÇÑÝ
Nights And Roses,áíÇáí ææÑæÏ
Sedress,Sedress
Muthain Fakher Dubai,ãËíä ÝÇÎÑ ÏÈí
Wafi Carwash,æÇÝí ááÛÓíá
The Egyptian World Food,ÇáÛÐÇÁ ÇáÚÇáãí ÇáãÕÑí
Tarouti,ÇáØÑæØí
Victoria Perfumes And Cosmetics,ÝíßÊæÑíÇ ááÚØæÑ æãÓÊÍÖÑÇÊ ÇáÊÌãíá
Price House (Al-Shamel),ÈÑÇíÓ åÇæÓ (ÇáÔÇãá)
Ankawa Iraqi,ÚäßÇæÇ ÇáÚÑÇÞíÉ
Shrimpy,ÌãÈÑí
Sallat Jerash,ÕáÇÊ ÌÑÔ
HAC,HAC
Eighty Eight Sweets And Juices,ËãÇäíÉ æËãÇäæä ÍáæíÇÊ æÚÕÇÆÑ
Aroos Al-Bahrain Jewellery,ãÌæåÑÇÊ ÚÑæÓ ÇáÈÍÑíä
ACIC,ACIC
Raei Pharmacy,ÕíÏáíÉ ÇáÑÚí
Saudi Deisel Equipment,ãÚÏÇÊ ÏíÒá ÇáÓÚæÏíÉ
Healthy Food,ØÚÇã ÕÍí
Anwar Al-Botor,ÃäæÑ ÇáÈÊæÑ
Mobile Store,ãÊÌÑ ÇáÌæÇá
Kokoro,ßæßæÑæ
Moon Shadow,Ùá ÇáÞãÑ
Shawarma 5,ÔÇæÑãÇ 5
BKS,BKS
Jawda Restaurant,ãØÚã ÌæÏÉ
Seema Fashion,ÓíãÇ ÝÇÔæä
Madad Shopping Center,ãÑßÒ ãÏÏ ááÊÓæÞ
Khan Ryhan,ÎÇä ÑíÍÇä
Mayar Supermarket,ãíÇÑ ÓæÈÑ ãÇÑßÊ
Crystal Paper,æÑÞ ßÑíÓÊÇá
Shawarma Madena,ÔÇæÑãÇ ãÏíäÉ
Sollï¿½r,Sollï¿1/2r
Wadi Al-Siraj,æÇÏí ÇáÓÑÇÌ
Mezzah,ãÒÉ
Shahi Chicken,ÔÇåí ÏÌÇÌ
Raey Samak,ÑÇí ÓãÇß
Manaret Al-Haramain Pharmacy,ÕíÏáíÉ ãäÇÑÉ ÇáÍÑãíä
Dental Eastern Smiles Lab,ãÎÊÈÑ ÇáÇÈÊÓÇãÇÊ ÇáÔÑÞíÉ áØÈ ÇáÃÓäÇä
Renewed,ãÌÏÏ
Fanoos,ÝÇäæÓ
Asida And Maraq,ÃÓíÏÇ æãÑÞ
Taib Tazaj New,ØíÈ ÊÒÇÌ ÌÏíÏ
Hazora Shawerma,åÒæÑÇ ÔÇæÑãÇ
Qufa Resturant,ãØÚã ÞæÝÇ
Boudl Hotels,ÝäÇÏÞ ÈæÏá
Pinjab Sweet,ÈäÌÇÈ ÓæíÊ
Ibn Zohir Clince,ÇÈä ÒåíÑ ßáíäÓ
the Palm Coffe,ÞåæÉ ÇáäÎíá
Ayar Flower,ÒåÑÉ ÚíÇÑ
Detective Store,ãÊÌÑ ÇáãÈÇÍË
Noor Charcoal New,äæÑ ÝÍã ÌÏíÏ
Farooj AbuAbed,ÝÑæÌ ÃÈæ ÚÇÈÏ
Fatheerath Shawarma,ÔÇæÑãÇ ÝÊÍÇÊ
The Big Boss,ÇáÒÚíã ÇáßÈíÑ
Ezz Trading Establishment,ãÄÓÓÉ ÚÒ ÇáÊÌÇÑíÉ
Mahafil Al Mesk,ãåÇÝíá ÇáãÓß
Tripper Inn,ÊÑíÈÑ Åä
Makhtaba AlMugtama,ãÎÊÈì ÇáãÛÊãì
Choco Crepe And Coffee,ßÑíÈ Ôæßæ æ ÞåæÉ
Asatir AlFarah,ÃÓÇØíÑ ÇáÝÑÍ
Punjab Sweets,ÍáæíÇÊ ÇáÈäÌÇÈ
Taxi Shawarma,ÊÇßÓí ÔÇæÑãÇ
Zaitoon,ÒíÊæä
Bofiya Nasayim Harref,ÈæÝíÉ äÓíã ÍÑíÝ
Bandary Al-Khaleej Supermarket,ÈÇäÏÑí ÇáÎáíÌ ÓæÈÑ ãÇÑßÊ
6:00 AM,0.25
Lamsah Hand,áãÓÉ åÇäÏ
AHL Al Zainabiya Grocery,ÈÞÇáÉ AHL ÇáÒíäÈíÉ
Maiz,ãíÒ
Star Charcoal,äÌãÉ ÇáÝÍã
Madadi,ãÏÇÏí
Shine Dental Lab,ãÎÊÈÑ ÔÇíä áØÈ ÇáÃÓäÇä
Sanabel Al-Shouk Bakery,ãÎÈÒ ÓäÇÈá ÇáÔæß
Gosto De Cafï¿½,[ÛæÓÊæ] Ïí ßÇÝí?1/2
Abaya Althuraya,ÚÈÇíÉ ÇáËÑíÇ
Fathera As Ssakhana,ÝÇÏÑÇ ãËá ÓÓÇÎÇäÇ
Cebu Market,ÓæÞ ÓíÈæ
Roma Castle,ÞáÚÉ ÑæãÇ
Kabsa wa Ibdam,ßÈÓÉ æÚÈÏÇã
Shawarma Mama,ÔÇæÑãÇ ãÇãÇ
Modawir Cafeteria,ßÇÝíÊÑíÇ ãÏæÇÑ
Nahar Markets,ÃÓæÇÞ ÇáäåÇÑ
Shalimar Restaurant,ãØÚã ÔÇáíãÇÑ
Fajr Saihat,ÝÌÑ ÓíÍÇÊ
Rivan Restaurant,ãØÚã ÑíÝÇä
Beach Gate Grocery,ÈÞÇáÉ ÈíÊÔ ÌíÊ
Healthy Yard,ÓÇÍÉ ÕÍíÉ
Baking Time,æÞÊ ÇáÎÈÒ
FAL Paper,æÑÞ FAL
The Green Coral,ÇáãÑÌÇä ÇáÃÎÖÑ
Grapeleaf,ÇáÚäÈ
Qaisoom,ÞíÓæã
Fit Food Restaurant,ãØÚã ÝíÊ ÝæÏ
Eighty Eight Car Wash,ËãÇäíÉ æËãÇäæä ÛÓíá ÓíÇÑÇÊ
Jamal,ÌãÇá
O Cafï¿½,íÇ ãÞåì¿1/2
Sif World Pastry,ÓíÝ ææÑáÏ ÇáãÚÌäÇÊ
Rathath Al-Sharq,ÑÇËÇÐ ÇáÔÑÞ
Echarp,ÅÊÔÇÑÈ
Carpet,ÓÌÇÏÉ
Vape Smog,ÇáÖÈÇÈ ÇáÏÎÇäí
Crep House,ßÑíÈ åÇæÓ
Rai Samak,ÑÇí ÓãÇß
Anseef Restaurant,ãØÚã ÃäÕíÝ
Hakuna Matata,åÇßæäÇ ãÇÊÇÊÇ
Dar Zaina,ÏÇÑ ÒíäÉ
Shawarma Dolma,ÔÇæÑãÇ ÏæáãÇ
We Care Hospirtal,äÍä äåÊã ÈÇáãÓÊäÞÝ
Maaliq,ÇáãÇáß
Hodhod World,ÚÇáã åÏåÏ
Set AlSham,ÓÊ ÇáÔÇã
Gulf Bridge Laboratory,ãÎÊÈÑ ÌÓÑ ÇáÎáíÌ
Baba Bakers Sweets,ÍáæíÇÊ ÈÇÈÇ ÈíßÑÒ
Cavolo,ßÇÝæáæ
Reyooq Cafï¿½,ãÞåì ÑíæÞ¿1/2
Khafji,ÇáÎÝÌí
Seeds Salad,ÓáØÉ ÇáÈÐæÑ
Almadi Trading Company,ÔÑßÉ ÇáãÇÏí ÇáÊÌÇÑíÉ
Muscle Food,ØÚÇã ÇáÚÖáÇÊ
Five Zero Five Connection,ÇÊÕÇá ÎãÓÉ ÒíÑæ ÝÇíÝ
Tune Cafï¿½,áÍä ÇáãÞåì¿1/2
Manar AlHaya Pharmacy,ÕíÏáíÉ ãäÇÑ ÇáÍíÇÉ
Cosz Burger,ßæÒ ÈÑÌÑ
Zamil Supply,ÇáÒÇãá ááÊæÑíÏ
Rowad Al Madar Maintenance Company,ÔÑßÉ ÑæÇÏ ÇáãÏÇÑ ááÕíÇäÉ
Savings Hall,ÕÇáÉ ÇáÊæÝíÑ
Bayda Food Stuff,ÈíÖÉ ááãæÇÏ ÇáÛÐÇÆíÉ
Maimona Restaurant,ãØÚã ãíãæäÉ
WAG,åÒ
Faroj Al Akabir,ÝÇÑæÞ ÇáÃßÈíÑ
Hayba,åíÈÉ
Taka Shawarma,ÊÇßÇ ÔÇæÑãÇ
Alfa Alkhaleej,ÃáÝÇ ÇáÎáíÌ
Skeek,Óßíß
Samoli Bar,ÓÇãæáí ÈÇÑ
Kees Falafel,ßíÓ ÝáÇÝá
Riccis Bakery,ãÎÈÒ ÑíÊÔíÓ
Ruwad Al-Madar Maintenance Company,ÔÑßÉ ÑæÇÏ ãÏÇÑ ááÕíÇäÉ
Litore,áíÊæÑ
Eva Company for Food Products,ÔÑßÉ ÅíÝÇ ááãäÊÌÇÊ ÇáÛÐÇÆíÉ
Kareem Restaurant,ãØÚã ßÑíã
Feasible Solutions,Íáæá ãÌÏíÉ
Healthy Box,ÕäÏæÞ ÕÍí
Naba Alsaha  Pharmacy,ÕíÏáíÉ äÈÃ ÇáÓÇÍÉ
Mohsin,ãÍÓä
Orjwan Flower,ÒåÑÉ ÃæÑÌæÇä
Le Chef,áæ ÔíÝ
Shams Al-Zohoor,ÔãÓ ÇáÒåæÑ
Sherpa,ÔíÑÈÇ
Ahyan Fashion,ÃåíÇä ÝÇÔæä
Bokhari Mobahar (MB),ÈÎÇÑí ãÈÍÑ (MB)
Sheep #1,ÇáÃÛäÇã # 1
Khaldi,ÇáÎÇáÏí
Kojo,ßæÌæ
Ladna Restaurant And Cafï¿½,ãØÚã æãÞåì áÏäÇ¿1/2
Mummy,ãæãíÇÁ
Madah,ãÏÇÍ
Bakhshuwan,ÈÎÔæÇä
Piccolo,Èíßæáæ
Taybat Al-Khair,ØíÈÉ ÇáÎíÑ
Rumanah Restaurant,ãØÚã ÑãÇäÉ
Pharmacy Dose,ÌÑÚÉ ÇáÕíÏáíÉ
Donut Corner,Ñßä ÇáÏæäÇÊ
Sambosati,ÓÇãÈæÓÊí
Alnoor,ÇáäæÑ
Eclipse,ßÓæÝ
Moasisat Qamar,ãÔÇÑßÇÊ ÞãÑ
KO Brosted,ßæ ÈÑæÓÊÏ
Diet Plan,ÎØÉ ÇáäÙÇã ÇáÛÐÇÆí
Supplement Time,æÞÊ ÇáãáÍÞ
ALKARAM,ÇáßÑã
Jazz,ÌÇÒ
Quma Al-Lahmo,ÞæãÉ ÇááÍãæ
Rawnd Hotel,ÝäÏÞ Rawnd
Koshari Hend,ßæÔÇÑí åäÏ
6 Pack Way,6 ÍÒãÉ ØÑíÞÉ
MN Trading,MN ááÊÌÇÑÉ
Hilal Al-Sharqi,åáÇá ÇáÔÑÞí
Plant,äÈÇÊ
Nasthi Zero,äÇÔËí ÒíÑæ
ASL Al-Bukhari,Ãåá ÇáÈÎÇÑí
Razizati,ÑÇÒíÒÊí
Moasisat Al-Aqeel,ãÔÇÑßÇÊ ÇáÚÞíá
Eileen,Çíáíä
Wash N Go,ÛÓá N Go
Salat Bit Al-Falafel,ÕáÇÉ ÈíÊ ÇáÝáÇÝá
Locate Market,ÊÍÏíÏ ãæÞÚ ÇáÓæÞ
Bar Code,ÇáÈÇÑßæÏ
Shawarma Barrel,ÔÇæÑãÇ ÈÑãíá
Century Wedding Center,ãÑßÒ ÒÝÇÝ ÇáÞÑä
Modern Sources Company,ÔÑßÉ ÇáãÕÇÏÑ ÇáÍÏíËÉ
Legabo,áíÌÇÈæ
Siyhad Foodstuff Company,ÔÑßÉ ÓíåÇÏ ááãæÇÏ ÇáÛÐÇÆíÉ
Genetic Group,ÇáãÌãæÚÉ ÇáæÑÇËíÉ
Tadawi Hospital,ãÓÊÔÝì ÇáÊÏÇæí
Natfah,äÊÝÇÉ
Diet Mix,ÏÇíÊ ãíßÓ
Falawath Plastic,ÝáæÇË ÈáÇÓÊíß
CDI Products,ãäÊÌÇÊ CDI
Turquoise Carwash,ÛÓíá ÇáÓíÇÑÇÊ ÇáÝíÑæÒí
Talat Jabal,ØáÚÊ ÌÈá
Chicken Express,ÏÌÇÌ ÇßÓÈÑÓ
Senparts,Senparts
Lightech,áÇíÊíß
Grand Darbar,ÌÑÇäÏ ÏÑÈÇÑ
Sixty-Three Auto Spare Parts,ËáÇËÉ æÓÊæä ÞØÚ ÛíÇÑ ÓíÇÑÇÊ
Mataam Gamar,ãÊÇã ÌãÇÑ
Hospitality Palace,ÞÕÑ ÇáÖíÇÝÉ
Fariq,ÝÇÑÞ
Shubak Omdah,ÔæÈß ÃãÏÉ
Zad AL Bahrain,ÒÇÏ ÇáÈÍÑíä
Dakah Sport,ÏßÉ ÓÈæÑÊ
Takyah Sheef,ÊÞíÉ ÔíÝ
Khobs Masah Matwe,ÎæÈÓ ãÇÓÇå ãÇÊæí
Toasters,ÇáãÍÇãÕ
Sowailah,ÓæíáÉ
Mr. Diet,ÇáÓíÏ ÏÇíÊ
Sikka,ÓßÉ
Riyaah Alsalam Restaurant,ãØÚã ÑíÇÉ ÇáÓáÇã
Lechy,áíÊÔí
Shamel Falafil,ÔÇãá ÝáÇÝá
Tharaa Bookstore,ãßÊÈÉ ËÑÇÁ
Farooj One,ÝÑæÌ æä
Jaz,ÌÇÒ
Textile Fabrics,ÃÞãÔÉ ÇáäÓíÌ
Hayat Al-Waraq Factory,ãÕäÚ ÍíÇÉ ÇáæÑÇÞ
Bahryat Express,ÇáÈÍÑíÇÊ ÇßÓÈÑíÓ
Hala Elhelw,åÇáÉ ÇáÍáæ
Atyaf Al-Nakhat,ÃØíÇÝ ÇáäÎØ
Hana,åäÇÁ
Mashtal Al-Ghadeer,ãÔÊá ÇáÛÏíÑ
Shawarma Hazwra,ÔÇæÑãÇ åÒæÑÇ
ONS Sweet,ONS Íáæ
Boied,ÈæíÏ
Dar Afia Bahrain,ÏÇÑ ÚÇÝíÉ ÇáÈÍÑíä
Mudeef Resturant HID,ãÏíÝ ãØÚã HID
Almaha,ÇáãåÇ
Narges Flower,ÒåÑÉ ÇáäÑÌÓ
General Stores,ÇáãÊÇÌÑ ÇáÚÇãÉ
Munawer,ãäæÑ
Pastries And Bakeshop,ÇáãÚÌäÇÊ æÇáãÎÈÒ
KWATIM RESTURANT/BASSAM,ãØÚã ßæÇÊíã / ÈÓÇã
ALQIMAH CENTER(TOP)/MOHD.MANSOOR,ãÑßÒ ÇáÞãÉ(ÃÚáì) / ãÍãÏ ÇáÏÝÇÚ. ãäÕæÑ
HARAT RAHAL BAKERIES & SWEET,ãÎÇÈÒ ÍÑÇÊ ÑÍÇá æÇáÍáæíÇÊ
Lamsat Shahad (LS),áãÓÇÊ ÔåÏ (LS)
Oasis Saving for Everything Centre,ãÑßÒ ÇáæÇÍÉ ááÊæÝíÑ áßá ÔíÁ
